﻿<?xml version="1.0" encoding="utf-8"?>
<!-- Edited with XiRUTE .NET Library 01-08 -->
<link:linkbase xmlns:xlink="http://www.w3.org/1999/xlink" xmlns:xsi="http://www.w3.org/2001/XMLSchema-instance" xmlns:link="http://www.xbrl.org/2003/linkbase">
  <link:roleRef xlink:type="simple" xlink:href="http://disclosure.edinet-fsa.go.jp/taxonomy/jppfs/2019-02-28/jppfs_rt_2019-02-28.xsd#rol_ConsolidatedLabel" roleURI="http://disclosure.edinet-fsa.go.jp/jppfs/Consolidated/role/label" />
  <link:labelLink xlink:type="extended" xlink:role="http://www.xbrl.org/2003/role/link">
    <link:label xml:lang="ja" xlink:type="resource" xlink:label="jpcrp040300-q2r_E02142-000_AdjustmentForRevaluationOfTheAccountsOfTheConsolidatedSubsidiariesBasedOnGeneralPriceLevelAccountingOCI_label" xlink:role="http://www.xbrl.org/2003/role/label">連結子会社の貨幣価値変動会計に基づく再評価積立金</link:label>
    <link:label xml:lang="ja" xlink:type="resource" xlink:label="jpcrp040300-q2r_E02142-000_AdjustmentForRevaluationOfTheAccountsOfTheConsolidatedSubsidiariesBasedOnGeneralPriceLevelAccountingOCI_label_1" xlink:role="http://www.xbrl.org/2003/role/verboseLabel">連結子会社の貨幣価値変動会計に基づく再評価積立金、その他の包括利益</link:label>
    <link:label xml:lang="ja" xlink:type="resource" xlink:label="jpcrp040300-q2r_E02142-000_AdjustmentForRevaluationOfTheAccountsVTA_label" xlink:role="http://www.xbrl.org/2003/role/label">連結子会社の貨幣価値変動会計に基づく再評価積立金</link:label>
    <link:label xml:lang="ja" xlink:type="resource" xlink:label="jpcrp040300-q2r_E02142-000_AdjustmentForRevaluationOfTheAccountsVTA_label_1" xlink:role="http://www.xbrl.org/2003/role/verboseLabel">連結子会社の貨幣価値変動会計に基づく再評価積立金、評価・換算差額等</link:label>
    <link:label xml:lang="ja" xlink:type="resource" xlink:label="jpcrp040300-q2r_E02142-000_AutomobileReportableSegmentsMember_label" xlink:role="http://www.xbrl.org/2003/role/label">自動車事業</link:label>
    <link:label xml:lang="ja" xlink:type="resource" xlink:label="jpcrp040300-q2r_E02142-000_AutomobileReportableSegmentsMember_label_1" xlink:role="http://www.xbrl.org/2003/role/verboseLabel">自動車事業、報告セグメント[メンバー]</link:label>
    <link:label xml:lang="ja" xlink:type="resource" xlink:label="jpcrp040300-q2r_E02142-000_ContingentLiabilitiesTextBlock_label" xlink:role="http://www.xbrl.org/2003/role/label">偶発債務</link:label>
    <link:label xml:lang="ja" xlink:type="resource" xlink:label="jpcrp040300-q2r_E02142-000_ContingentLiabilitiesTextBlock_label_1" xlink:role="http://www.xbrl.org/2003/role/verboseLabel">偶発債務 [テキストブロック]</link:label>
    <link:label xml:lang="ja" xlink:type="resource" xlink:label="jpcrp040300-q2r_E02142-000_CreditLiquidationCostsNOE_label" xlink:role="http://www.xbrl.org/2003/role/label">債権流動化費用</link:label>
    <link:label xml:lang="ja" xlink:type="resource" xlink:label="jpcrp040300-q2r_E02142-000_CreditLiquidationCostsNOE_label_1" xlink:role="http://www.xbrl.org/2003/role/verboseLabel">債権流動化費用、営業外費用</link:label>
    <link:label xml:lang="ja" xlink:type="resource" xlink:label="jpcrp040300-q2r_E02142-000_DecreaseIncreaseInTradeNotesAndAccountsReceivableOpeCF_label_1" xlink:role="http://www.xbrl.org/2003/role/label">販売金融債権の増減額（△は増加）</link:label>
    <link:label xml:lang="ja" xlink:type="resource" xlink:label="jpcrp040300-q2r_E02142-000_DecreaseIncreaseInTradeNotesAndAccountsReceivableOpeCF_label_2" xlink:role="http://www.xbrl.org/2003/role/verboseLabel">販売金融債権の増減額（△は増加）、営業活動によるキャッシュ・フロー</link:label>
    <link:label xml:lang="ja" xlink:type="resource" xlink:label="jpcrp040300-q2r_E02142-000_DecreaseIncreaseInTradeNotesAndAccountsReceivableOpeCF_label" xlink:role="http://www.xbrl.org/2003/role/documentation">販売金融債権の増減額（△は増加）、営業活動によるキャッシュ・フロー</link:label>
    <link:label xml:lang="ja" xlink:type="resource" xlink:label="jpcrp040300-q2r_E02142-000_DepreciationAndAmortizationFixedAssetsExcludingLeasedVehiclesOpeCF_label_1" xlink:role="http://www.xbrl.org/2003/role/label">減価償却費（リース車両除く固定資産）</link:label>
    <link:label xml:lang="ja" xlink:type="resource" xlink:label="jpcrp040300-q2r_E02142-000_DepreciationAndAmortizationFixedAssetsExcludingLeasedVehiclesOpeCF_label_2" xlink:role="http://www.xbrl.org/2003/role/verboseLabel">減価償却費（リース車両除く固定資産）、営業活動によるキャッシュ・フロー</link:label>
    <link:label xml:lang="ja" xlink:type="resource" xlink:label="jpcrp040300-q2r_E02142-000_DepreciationAndAmortizationFixedAssetsExcludingLeasedVehiclesOpeCF_label" xlink:role="http://www.xbrl.org/2003/role/documentation">減価償却費（リース車両除く固定資産）、営業活動によるキャッシュ・フロー</link:label>
    <link:label xml:lang="ja" xlink:type="resource" xlink:label="jpcrp040300-q2r_E02142-000_DepreciationAndAmortizationForLeasedVehiclesOpeCF_label_1" xlink:role="http://www.xbrl.org/2003/role/label">減価償却費（リース車両）</link:label>
    <link:label xml:lang="ja" xlink:type="resource" xlink:label="jpcrp040300-q2r_E02142-000_DepreciationAndAmortizationForLeasedVehiclesOpeCF_label_2" xlink:role="http://www.xbrl.org/2003/role/verboseLabel">減価償却費（リース車両）、営業活動によるキャッシュ・フロー</link:label>
    <link:label xml:lang="ja" xlink:type="resource" xlink:label="jpcrp040300-q2r_E02142-000_DepreciationAndAmortizationForLeasedVehiclesOpeCF_label" xlink:role="http://www.xbrl.org/2003/role/documentation">減価償却費（リース車両）、営業活動によるキャッシュ・フロー</link:label>
    <link:label xml:lang="ja" xlink:type="resource" xlink:label="jpcrp040300-q2r_E02142-000_DepreciationAndAmortizationForOtherAssetsOpeCF_label_1" xlink:role="http://www.xbrl.org/2003/role/label">減価償却費（長期前払費用）</link:label>
    <link:label xml:lang="ja" xlink:type="resource" xlink:label="jpcrp040300-q2r_E02142-000_DepreciationAndAmortizationForOtherAssetsOpeCF_label_2" xlink:role="http://www.xbrl.org/2003/role/verboseLabel">減価償却費（長期前払費用）、営業活動によるキャッシュ・フロー</link:label>
    <link:label xml:lang="ja" xlink:type="resource" xlink:label="jpcrp040300-q2r_E02142-000_DepreciationAndAmortizationForOtherAssetsOpeCF_label" xlink:role="http://www.xbrl.org/2003/role/documentation">減価償却費（長期前払費用）、営業活動によるキャッシュ・フロー</link:label>
    <link:label xml:lang="ja" xlink:type="resource" xlink:label="jpcrp040300-q2r_E02142-000_DerivativeIncomeNOI_label_1" xlink:role="http://www.xbrl.org/2003/role/label">デリバティブ収益</link:label>
    <link:label xml:lang="ja" xlink:type="resource" xlink:label="jpcrp040300-q2r_E02142-000_DerivativeIncomeNOI_label_2" xlink:role="http://www.xbrl.org/2003/role/verboseLabel">デリバティブ収益、営業外収益</link:label>
    <link:label xml:lang="ja" xlink:type="resource" xlink:label="jpcrp040300-q2r_E02142-000_DerivativeIncomeNOI_label" xlink:role="http://www.xbrl.org/2003/role/documentation">デリバティブ収益、営業外収益</link:label>
    <link:label xml:lang="ja" xlink:type="resource" xlink:label="jpcrp040300-q2r_E02142-000_DerivativeLossNOE_label_1" xlink:role="http://www.xbrl.org/2003/role/label">デリバティブ損失</link:label>
    <link:label xml:lang="ja" xlink:type="resource" xlink:label="jpcrp040300-q2r_E02142-000_DerivativeLossNOE_label_2" xlink:role="http://www.xbrl.org/2003/role/verboseLabel">デリバティブ損失、営業外費用</link:label>
    <link:label xml:lang="ja" xlink:type="resource" xlink:label="jpcrp040300-q2r_E02142-000_DerivativeLossNOE_label" xlink:role="http://www.xbrl.org/2003/role/documentation">デリバティブ損失、営業外費用</link:label>
    <link:label xml:lang="ja" xlink:type="resource" xlink:label="jpcrp040300-q2r_E02142-000_EliminationOfInterSegmentTransactionsMember_label" xlink:role="http://www.xbrl.org/2003/role/label">セグメント間取引消去額</link:label>
    <link:label xml:lang="ja" xlink:type="resource" xlink:label="jpcrp040300-q2r_E02142-000_EliminationOfInterSegmentTransactionsMember_label_1" xlink:role="http://www.xbrl.org/2003/role/verboseLabel">セグメント間取引消去額[メンバー]</link:label>
    <link:label xml:lang="ja" xlink:type="resource" xlink:label="jpcrp040300-q2r_E02142-000_NetDecreaseIncreaseInRestrictedCashInvCF_label_1" xlink:role="http://www.xbrl.org/2003/role/label">拘束性預金の純増減額（△は増加）</link:label>
    <link:label xml:lang="ja" xlink:type="resource" xlink:label="jpcrp040300-q2r_E02142-000_NetDecreaseIncreaseInRestrictedCashInvCF_label_2" xlink:role="http://www.xbrl.org/2003/role/verboseLabel">拘束性預金の純増減額（△は増加）、投資活動によるキャッシュ・フロー</link:label>
    <link:label xml:lang="ja" xlink:type="resource" xlink:label="jpcrp040300-q2r_E02142-000_NetDecreaseIncreaseInRestrictedCashInvCF_label" xlink:role="http://www.xbrl.org/2003/role/documentation">拘束性預金の純増減額（△は増加）、投資活動によるキャッシュ・フロー</link:label>
    <link:label xml:lang="ja" xlink:type="resource" xlink:label="jpcrp040300-q2r_E02142-000_NetDecreaseIncreaseInShortTermInvestmentsInvCF_label_1" xlink:role="http://www.xbrl.org/2003/role/label">短期投資の純増減額（△は増加）</link:label>
    <link:label xml:lang="ja" xlink:type="resource" xlink:label="jpcrp040300-q2r_E02142-000_NetDecreaseIncreaseInShortTermInvestmentsInvCF_label_2" xlink:role="http://www.xbrl.org/2003/role/verboseLabel">短期投資の純増減額（△は増加）、投資活動によるキャッシュ・フロー</link:label>
    <link:label xml:lang="ja" xlink:type="resource" xlink:label="jpcrp040300-q2r_E02142-000_NetDecreaseIncreaseInShortTermInvestmentsInvCF_label" xlink:role="http://www.xbrl.org/2003/role/documentation">短期投資の純増減額（△は増加）、投資活動によるキャッシュ・フロー</link:label>
    <link:label xml:lang="ja" xlink:type="resource" xlink:label="jpcrp040300-q2r_E02142-000_NotesRegardingMachineryEquipmentAndVehiclesNetTextBlock_label" xlink:role="http://www.xbrl.org/2003/role/label">機械装置及び運搬具（純額）に関する注記</link:label>
    <link:label xml:lang="ja" xlink:type="resource" xlink:label="jpcrp040300-q2r_E02142-000_NotesRegardingMachineryEquipmentAndVehiclesNetTextBlock_label_1" xlink:role="http://www.xbrl.org/2003/role/verboseLabel">機械装置及び運搬具（純額）に関する注記[テキストブロック]</link:label>
    <link:label xml:lang="ja" xlink:type="resource" xlink:label="jpcrp040300-q2r_E02142-000_OtherSellingExpenseSGA_label" xlink:role="http://www.xbrl.org/2003/role/label">販売諸費</link:label>
    <link:label xml:lang="ja" xlink:type="resource" xlink:label="jpcrp040300-q2r_E02142-000_OtherSellingExpenseSGA_label_1" xlink:role="http://www.xbrl.org/2003/role/verboseLabel">販売諸費、販売費及び一般管理費</link:label>
    <link:label xml:lang="ja" xlink:type="resource" xlink:label="jpcrp040300-q2r_E02142-000_PaymentsRelatedToNetDefinedBenefitAssetAndLiabilityOpeCF_label_2" xlink:role="http://www.xbrl.org/2003/role/label">退職給付に係る支払額</link:label>
    <link:label xml:lang="ja" xlink:type="resource" xlink:label="jpcrp040300-q2r_E02142-000_PaymentsRelatedToNetDefinedBenefitAssetAndLiabilityOpeCF_label_3" xlink:role="http://www.xbrl.org/2003/role/verboseLabel">退職給付に係る支払額、営業活動によるキャッシュ・フロー</link:label>
    <link:label xml:lang="ja" xlink:type="resource" xlink:label="jpcrp040300-q2r_E02142-000_PaymentsRelatedToNetDefinedBenefitAssetAndLiabilityOpeCF_label_1" xlink:role="http://www.xbrl.org/2003/role/documentation">退職給付に係る支払額、営業活動によるキャッシュ・フロー</link:label>
    <link:label xml:lang="ja" xlink:type="resource" xlink:label="jpcrp040300-q2r_E02142-000_PaymentsRelatedToNetDefinedBenefitAssetAndLiabilityOpeCF_label" xlink:role="http://disclosure.edinet-fsa.go.jp/jppfs/Consolidated/role/label">退職給付に係る支払額</link:label>
    <link:label xml:lang="ja" xlink:type="resource" xlink:label="jpcrp040300-q2r_E02142-000_ProceedsFromPaymentsForSalesOfInvestmentsInSubsidiariesResultingInChangeInScopeOfConsolidatitonInvCF_label_1" xlink:role="http://www.xbrl.org/2003/role/label">連結の範囲の変更を伴う子会社株式の売却による収入（△は支出）</link:label>
    <link:label xml:lang="ja" xlink:type="resource" xlink:label="jpcrp040300-q2r_E02142-000_ProceedsFromPaymentsForSalesOfInvestmentsInSubsidiariesResultingInChangeInScopeOfConsolidatitonInvCF_label_2" xlink:role="http://www.xbrl.org/2003/role/verboseLabel">連結の範囲の変更を伴う子会社株式の売却による収入（△は支出）、投資活動によるキャッシュ・フロー</link:label>
    <link:label xml:lang="ja" xlink:type="resource" xlink:label="jpcrp040300-q2r_E02142-000_ProceedsFromPaymentsForSalesOfInvestmentsInSubsidiariesResultingInChangeInScopeOfConsolidatitonInvCF_label" xlink:role="http://www.xbrl.org/2003/role/documentation">連結の範囲の変更を伴う子会社株式の売却による収入（△は支出）、投資活動によるキャッシュ・フロー</link:label>
    <link:label xml:lang="ja" xlink:type="resource" xlink:label="jpcrp040300-q2r_E02142-000_ProceedsFromPaymentsForSalesOfInvestmentsInSubsidiariesThatDoNotResultInChangeInScopeOfConsolidatitonFinCF_label" xlink:role="http://www.xbrl.org/2003/role/label">連結の範囲の変更を伴わない子会社株式の売却による収入（△は支出）</link:label>
    <link:label xml:lang="ja" xlink:type="resource" xlink:label="jpcrp040300-q2r_E02142-000_ProceedsFromPaymentsForSalesOfInvestmentsInSubsidiariesThatDoNotResultInChangeInScopeOfConsolidatitonFinCF_label_1" xlink:role="http://www.xbrl.org/2003/role/verboseLabel">連結の範囲の変更を伴わない子会社株式の売却による収入（△は支出）、財務活動によるキャッシュ・フロー</link:label>
    <link:label xml:lang="ja" xlink:type="resource" xlink:label="jpcrp040300-q2r_E02142-000_ProceedsFromSalesOfLeasedVehiclesInvCF_label_1" xlink:role="http://www.xbrl.org/2003/role/label">リース車両の売却による収入</link:label>
    <link:label xml:lang="ja" xlink:type="resource" xlink:label="jpcrp040300-q2r_E02142-000_ProceedsFromSalesOfLeasedVehiclesInvCF_label_2" xlink:role="http://www.xbrl.org/2003/role/verboseLabel">リース車両の売却による収入、投資活動によるキャッシュ・フロー</link:label>
    <link:label xml:lang="ja" xlink:type="resource" xlink:label="jpcrp040300-q2r_E02142-000_ProceedsFromSalesOfLeasedVehiclesInvCF_label" xlink:role="http://www.xbrl.org/2003/role/documentation">リース車両の売却による収入、投資活動によるキャッシュ・フロー</link:label>
    <link:label xml:lang="ja" xlink:type="resource" xlink:label="jpcrp040300-q2r_E02142-000_PurchaseOfLeasedVehiclesInvCF_label_1" xlink:role="http://www.xbrl.org/2003/role/label">リース車両の取得による支出</link:label>
    <link:label xml:lang="ja" xlink:type="resource" xlink:label="jpcrp040300-q2r_E02142-000_PurchaseOfLeasedVehiclesInvCF_label_2" xlink:role="http://www.xbrl.org/2003/role/verboseLabel">リース車両の取得による支出、投資活動によるキャッシュ・フロー</link:label>
    <link:label xml:lang="ja" xlink:type="resource" xlink:label="jpcrp040300-q2r_E02142-000_PurchaseOfLeasedVehiclesInvCF_label" xlink:role="http://www.xbrl.org/2003/role/documentation">リース車両の取得による支出、投資活動によるキャッシュ・フロー</link:label>
    <link:label xml:lang="ja" xlink:type="resource" xlink:label="jpcrp040300-q2r_E02142-000_SalesFinanceReceivableCA_label_1" xlink:role="http://www.xbrl.org/2003/role/label">販売金融債権</link:label>
    <link:label xml:lang="ja" xlink:type="resource" xlink:label="jpcrp040300-q2r_E02142-000_SalesFinanceReceivableCA_label_2" xlink:role="http://www.xbrl.org/2003/role/verboseLabel">販売金融債権、流動資産</link:label>
    <link:label xml:lang="ja" xlink:type="resource" xlink:label="jpcrp040300-q2r_E02142-000_SalesFinanceReceivableCA_label" xlink:role="http://www.xbrl.org/2003/role/documentation">販売金融債権、流動資産</link:label>
    <link:label xml:lang="ja" xlink:type="resource" xlink:label="jpcrp040300-q2r_E02142-000_SalesFinancingReportableSegmentsMember_label" xlink:role="http://www.xbrl.org/2003/role/label">販売金融事業</link:label>
    <link:label xml:lang="ja" xlink:type="resource" xlink:label="jpcrp040300-q2r_E02142-000_SalesFinancingReportableSegmentsMember_label_1" xlink:role="http://www.xbrl.org/2003/role/verboseLabel">販売金融事業、報告セグメント[メンバー]</link:label>
    <link:label xml:lang="ja" xlink:type="resource" xlink:label="jpcrp040300-q2r_E02142-000_SpecialAdditionToRetirementBenefitsEL_label" xlink:role="http://www.xbrl.org/2003/role/label">特別退職加算金</link:label>
    <link:label xml:lang="ja" xlink:type="resource" xlink:label="jpcrp040300-q2r_E02142-000_SpecialAdditionToRetirementBenefitsEL_label_1" xlink:role="http://www.xbrl.org/2003/role/verboseLabel">特別退職加算金、特別損失</link:label>
    <link:loc xlink:type="locator" xlink:href="jpcrp040300-q2r-001_E02142-000_2019-09-30_01_2019-11-14.xsd#jpcrp040300-q2r_E02142-000_AdjustmentForRevaluationOfTheAccountsOfTheConsolidatedSubsidiariesBasedOnGeneralPriceLevelAccountingOCI" xlink:label="jpcrp040300-q2r_E02142-000_AdjustmentForRevaluationOfTheAccountsOfTheConsolidatedSubsidiariesBasedOnGeneralPriceLevelAccountingOCI" />
    <link:loc xlink:type="locator" xlink:href="jpcrp040300-q2r-001_E02142-000_2019-09-30_01_2019-11-14.xsd#jpcrp040300-q2r_E02142-000_AdjustmentForRevaluationOfTheAccountsVTA" xlink:label="jpcrp040300-q2r_E02142-000_AdjustmentForRevaluationOfTheAccountsVTA" />
    <link:loc xlink:type="locator" xlink:href="jpcrp040300-q2r-001_E02142-000_2019-09-30_01_2019-11-14.xsd#jpcrp040300-q2r_E02142-000_AutomobileReportableSegmentsMember" xlink:label="jpcrp040300-q2r_E02142-000_AutomobileReportableSegmentsMember" />
    <link:loc xlink:type="locator" xlink:href="jpcrp040300-q2r-001_E02142-000_2019-09-30_01_2019-11-14.xsd#jpcrp040300-q2r_E02142-000_ContingentLiabilitiesTextBlock" xlink:label="jpcrp040300-q2r_E02142-000_ContingentLiabilitiesTextBlock" />
    <link:loc xlink:type="locator" xlink:href="jpcrp040300-q2r-001_E02142-000_2019-09-30_01_2019-11-14.xsd#jpcrp040300-q2r_E02142-000_CreditLiquidationCostsNOE" xlink:label="jpcrp040300-q2r_E02142-000_CreditLiquidationCostsNOE" />
    <link:loc xlink:type="locator" xlink:href="jpcrp040300-q2r-001_E02142-000_2019-09-30_01_2019-11-14.xsd#jpcrp040300-q2r_E02142-000_DecreaseIncreaseInTradeNotesAndAccountsReceivableOpeCF" xlink:label="jpcrp040300-q2r_E02142-000_DecreaseIncreaseInTradeNotesAndAccountsReceivableOpeCF" />
    <link:loc xlink:type="locator" xlink:href="jpcrp040300-q2r-001_E02142-000_2019-09-30_01_2019-11-14.xsd#jpcrp040300-q2r_E02142-000_DepreciationAndAmortizationFixedAssetsExcludingLeasedVehiclesOpeCF" xlink:label="jpcrp040300-q2r_E02142-000_DepreciationAndAmortizationFixedAssetsExcludingLeasedVehiclesOpeCF" />
    <link:loc xlink:type="locator" xlink:href="jpcrp040300-q2r-001_E02142-000_2019-09-30_01_2019-11-14.xsd#jpcrp040300-q2r_E02142-000_DepreciationAndAmortizationForLeasedVehiclesOpeCF" xlink:label="jpcrp040300-q2r_E02142-000_DepreciationAndAmortizationForLeasedVehiclesOpeCF" />
    <link:loc xlink:type="locator" xlink:href="jpcrp040300-q2r-001_E02142-000_2019-09-30_01_2019-11-14.xsd#jpcrp040300-q2r_E02142-000_DepreciationAndAmortizationForOtherAssetsOpeCF" xlink:label="jpcrp040300-q2r_E02142-000_DepreciationAndAmortizationForOtherAssetsOpeCF" />
    <link:loc xlink:type="locator" xlink:href="jpcrp040300-q2r-001_E02142-000_2019-09-30_01_2019-11-14.xsd#jpcrp040300-q2r_E02142-000_DerivativeIncomeNOI" xlink:label="jpcrp040300-q2r_E02142-000_DerivativeIncomeNOI" />
    <link:loc xlink:type="locator" xlink:href="jpcrp040300-q2r-001_E02142-000_2019-09-30_01_2019-11-14.xsd#jpcrp040300-q2r_E02142-000_DerivativeLossNOE" xlink:label="jpcrp040300-q2r_E02142-000_DerivativeLossNOE" />
    <link:loc xlink:type="locator" xlink:href="jpcrp040300-q2r-001_E02142-000_2019-09-30_01_2019-11-14.xsd#jpcrp040300-q2r_E02142-000_EliminationOfInterSegmentTransactionsMember" xlink:label="jpcrp040300-q2r_E02142-000_EliminationOfInterSegmentTransactionsMember" />
    <link:loc xlink:type="locator" xlink:href="jpcrp040300-q2r-001_E02142-000_2019-09-30_01_2019-11-14.xsd#jpcrp040300-q2r_E02142-000_NetDecreaseIncreaseInRestrictedCashInvCF" xlink:label="jpcrp040300-q2r_E02142-000_NetDecreaseIncreaseInRestrictedCashInvCF" />
    <link:loc xlink:type="locator" xlink:href="jpcrp040300-q2r-001_E02142-000_2019-09-30_01_2019-11-14.xsd#jpcrp040300-q2r_E02142-000_NetDecreaseIncreaseInShortTermInvestmentsInvCF" xlink:label="jpcrp040300-q2r_E02142-000_NetDecreaseIncreaseInShortTermInvestmentsInvCF" />
    <link:loc xlink:type="locator" xlink:href="jpcrp040300-q2r-001_E02142-000_2019-09-30_01_2019-11-14.xsd#jpcrp040300-q2r_E02142-000_NotesRegardingMachineryEquipmentAndVehiclesNetTextBlock" xlink:label="jpcrp040300-q2r_E02142-000_NotesRegardingMachineryEquipmentAndVehiclesNetTextBlock" />
    <link:loc xlink:type="locator" xlink:href="jpcrp040300-q2r-001_E02142-000_2019-09-30_01_2019-11-14.xsd#jpcrp040300-q2r_E02142-000_OtherSellingExpenseSGA" xlink:label="jpcrp040300-q2r_E02142-000_OtherSellingExpenseSGA" />
    <link:loc xlink:type="locator" xlink:href="jpcrp040300-q2r-001_E02142-000_2019-09-30_01_2019-11-14.xsd#jpcrp040300-q2r_E02142-000_PaymentsRelatedToNetDefinedBenefitAssetAndLiabilityOpeCF" xlink:label="jpcrp040300-q2r_E02142-000_PaymentsRelatedToNetDefinedBenefitAssetAndLiabilityOpeCF" />
    <link:loc xlink:type="locator" xlink:href="jpcrp040300-q2r-001_E02142-000_2019-09-30_01_2019-11-14.xsd#jpcrp040300-q2r_E02142-000_ProceedsFromPaymentsForSalesOfInvestmentsInSubsidiariesResultingInChangeInScopeOfConsolidatitonInvCF" xlink:label="jpcrp040300-q2r_E02142-000_ProceedsFromPaymentsForSalesOfInvestmentsInSubsidiariesResultingInChangeInScopeOfConsolidatitonInvCF" />
    <link:loc xlink:type="locator" xlink:href="jpcrp040300-q2r-001_E02142-000_2019-09-30_01_2019-11-14.xsd#jpcrp040300-q2r_E02142-000_ProceedsFromPaymentsForSalesOfInvestmentsInSubsidiariesThatDoNotResultInChangeInScopeOfConsolidatitonFinCF" xlink:label="jpcrp040300-q2r_E02142-000_ProceedsFromPaymentsForSalesOfInvestmentsInSubsidiariesThatDoNotResultInChangeInScopeOfConsolidatitonFinCF" />
    <link:loc xlink:type="locator" xlink:href="jpcrp040300-q2r-001_E02142-000_2019-09-30_01_2019-11-14.xsd#jpcrp040300-q2r_E02142-000_ProceedsFromSalesOfLeasedVehiclesInvCF" xlink:label="jpcrp040300-q2r_E02142-000_ProceedsFromSalesOfLeasedVehiclesInvCF" />
    <link:loc xlink:type="locator" xlink:href="jpcrp040300-q2r-001_E02142-000_2019-09-30_01_2019-11-14.xsd#jpcrp040300-q2r_E02142-000_PurchaseOfLeasedVehiclesInvCF" xlink:label="jpcrp040300-q2r_E02142-000_PurchaseOfLeasedVehiclesInvCF" />
    <link:loc xlink:type="locator" xlink:href="jpcrp040300-q2r-001_E02142-000_2019-09-30_01_2019-11-14.xsd#jpcrp040300-q2r_E02142-000_SalesFinanceReceivableCA" xlink:label="jpcrp040300-q2r_E02142-000_SalesFinanceReceivableCA" />
    <link:loc xlink:type="locator" xlink:href="jpcrp040300-q2r-001_E02142-000_2019-09-30_01_2019-11-14.xsd#jpcrp040300-q2r_E02142-000_SalesFinancingReportableSegmentsMember" xlink:label="jpcrp040300-q2r_E02142-000_SalesFinancingReportableSegmentsMember" />
    <link:loc xlink:type="locator" xlink:href="jpcrp040300-q2r-001_E02142-000_2019-09-30_01_2019-11-14.xsd#jpcrp040300-q2r_E02142-000_SpecialAdditionToRetirementBenefitsEL" xlink:label="jpcrp040300-q2r_E02142-000_SpecialAdditionToRetirementBenefitsEL" />
    <link:labelArc xlink:type="arc" xlink:from="jpcrp040300-q2r_E02142-000_AdjustmentForRevaluationOfTheAccountsOfTheConsolidatedSubsidiariesBasedOnGeneralPriceLevelAccountingOCI" xlink:to="jpcrp040300-q2r_E02142-000_AdjustmentForRevaluationOfTheAccountsOfTheConsolidatedSubsidiariesBasedOnGeneralPriceLevelAccountingOCI_label_1" xlink:arcrole="http://www.xbrl.org/2003/arcrole/concept-label" order="1" />
    <link:labelArc xlink:type="arc" xlink:from="jpcrp040300-q2r_E02142-000_AdjustmentForRevaluationOfTheAccountsOfTheConsolidatedSubsidiariesBasedOnGeneralPriceLevelAccountingOCI" xlink:to="jpcrp040300-q2r_E02142-000_AdjustmentForRevaluationOfTheAccountsOfTheConsolidatedSubsidiariesBasedOnGeneralPriceLevelAccountingOCI_label" xlink:arcrole="http://www.xbrl.org/2003/arcrole/concept-label" order="1" />
    <link:labelArc xlink:type="arc" xlink:from="jpcrp040300-q2r_E02142-000_AdjustmentForRevaluationOfTheAccountsVTA" xlink:to="jpcrp040300-q2r_E02142-000_AdjustmentForRevaluationOfTheAccountsVTA_label_1" xlink:arcrole="http://www.xbrl.org/2003/arcrole/concept-label" order="1" />
    <link:labelArc xlink:type="arc" xlink:from="jpcrp040300-q2r_E02142-000_AdjustmentForRevaluationOfTheAccountsVTA" xlink:to="jpcrp040300-q2r_E02142-000_AdjustmentForRevaluationOfTheAccountsVTA_label" xlink:arcrole="http://www.xbrl.org/2003/arcrole/concept-label" order="1" />
    <link:labelArc xlink:type="arc" xlink:from="jpcrp040300-q2r_E02142-000_AutomobileReportableSegmentsMember" xlink:to="jpcrp040300-q2r_E02142-000_AutomobileReportableSegmentsMember_label_1" xlink:arcrole="http://www.xbrl.org/2003/arcrole/concept-label" order="1" />
    <link:labelArc xlink:type="arc" xlink:from="jpcrp040300-q2r_E02142-000_AutomobileReportableSegmentsMember" xlink:to="jpcrp040300-q2r_E02142-000_AutomobileReportableSegmentsMember_label" xlink:arcrole="http://www.xbrl.org/2003/arcrole/concept-label" order="1" />
    <link:labelArc xlink:type="arc" xlink:from="jpcrp040300-q2r_E02142-000_ContingentLiabilitiesTextBlock" xlink:to="jpcrp040300-q2r_E02142-000_ContingentLiabilitiesTextBlock_label_1" xlink:arcrole="http://www.xbrl.org/2003/arcrole/concept-label" order="1" />
    <link:labelArc xlink:type="arc" xlink:from="jpcrp040300-q2r_E02142-000_ContingentLiabilitiesTextBlock" xlink:to="jpcrp040300-q2r_E02142-000_ContingentLiabilitiesTextBlock_label" xlink:arcrole="http://www.xbrl.org/2003/arcrole/concept-label" order="1" />
    <link:labelArc xlink:type="arc" xlink:from="jpcrp040300-q2r_E02142-000_CreditLiquidationCostsNOE" xlink:to="jpcrp040300-q2r_E02142-000_CreditLiquidationCostsNOE_label_1" xlink:arcrole="http://www.xbrl.org/2003/arcrole/concept-label" order="1" />
    <link:labelArc xlink:type="arc" xlink:from="jpcrp040300-q2r_E02142-000_CreditLiquidationCostsNOE" xlink:to="jpcrp040300-q2r_E02142-000_CreditLiquidationCostsNOE_label" xlink:arcrole="http://www.xbrl.org/2003/arcrole/concept-label" order="1" />
    <link:labelArc xlink:type="arc" xlink:from="jpcrp040300-q2r_E02142-000_DecreaseIncreaseInTradeNotesAndAccountsReceivableOpeCF" xlink:to="jpcrp040300-q2r_E02142-000_DecreaseIncreaseInTradeNotesAndAccountsReceivableOpeCF_label_2" xlink:arcrole="http://www.xbrl.org/2003/arcrole/concept-label" order="1" />
    <link:labelArc xlink:type="arc" xlink:from="jpcrp040300-q2r_E02142-000_DecreaseIncreaseInTradeNotesAndAccountsReceivableOpeCF" xlink:to="jpcrp040300-q2r_E02142-000_DecreaseIncreaseInTradeNotesAndAccountsReceivableOpeCF_label_1" xlink:arcrole="http://www.xbrl.org/2003/arcrole/concept-label" order="1" />
    <link:labelArc xlink:type="arc" xlink:from="jpcrp040300-q2r_E02142-000_DecreaseIncreaseInTradeNotesAndAccountsReceivableOpeCF" xlink:to="jpcrp040300-q2r_E02142-000_DecreaseIncreaseInTradeNotesAndAccountsReceivableOpeCF_label" xlink:arcrole="http://www.xbrl.org/2003/arcrole/concept-label" order="1" />
    <link:labelArc xlink:type="arc" xlink:from="jpcrp040300-q2r_E02142-000_DepreciationAndAmortizationFixedAssetsExcludingLeasedVehiclesOpeCF" xlink:to="jpcrp040300-q2r_E02142-000_DepreciationAndAmortizationFixedAssetsExcludingLeasedVehiclesOpeCF_label_2" xlink:arcrole="http://www.xbrl.org/2003/arcrole/concept-label" order="1" />
    <link:labelArc xlink:type="arc" xlink:from="jpcrp040300-q2r_E02142-000_DepreciationAndAmortizationFixedAssetsExcludingLeasedVehiclesOpeCF" xlink:to="jpcrp040300-q2r_E02142-000_DepreciationAndAmortizationFixedAssetsExcludingLeasedVehiclesOpeCF_label_1" xlink:arcrole="http://www.xbrl.org/2003/arcrole/concept-label" order="1" />
    <link:labelArc xlink:type="arc" xlink:from="jpcrp040300-q2r_E02142-000_DepreciationAndAmortizationFixedAssetsExcludingLeasedVehiclesOpeCF" xlink:to="jpcrp040300-q2r_E02142-000_DepreciationAndAmortizationFixedAssetsExcludingLeasedVehiclesOpeCF_label" xlink:arcrole="http://www.xbrl.org/2003/arcrole/concept-label" order="1" />
    <link:labelArc xlink:type="arc" xlink:from="jpcrp040300-q2r_E02142-000_DepreciationAndAmortizationForLeasedVehiclesOpeCF" xlink:to="jpcrp040300-q2r_E02142-000_DepreciationAndAmortizationForLeasedVehiclesOpeCF_label_2" xlink:arcrole="http://www.xbrl.org/2003/arcrole/concept-label" order="1" />
    <link:labelArc xlink:type="arc" xlink:from="jpcrp040300-q2r_E02142-000_DepreciationAndAmortizationForLeasedVehiclesOpeCF" xlink:to="jpcrp040300-q2r_E02142-000_DepreciationAndAmortizationForLeasedVehiclesOpeCF_label_1" xlink:arcrole="http://www.xbrl.org/2003/arcrole/concept-label" order="1" />
    <link:labelArc xlink:type="arc" xlink:from="jpcrp040300-q2r_E02142-000_DepreciationAndAmortizationForLeasedVehiclesOpeCF" xlink:to="jpcrp040300-q2r_E02142-000_DepreciationAndAmortizationForLeasedVehiclesOpeCF_label" xlink:arcrole="http://www.xbrl.org/2003/arcrole/concept-label" order="1" />
    <link:labelArc xlink:type="arc" xlink:from="jpcrp040300-q2r_E02142-000_DepreciationAndAmortizationForOtherAssetsOpeCF" xlink:to="jpcrp040300-q2r_E02142-000_DepreciationAndAmortizationForOtherAssetsOpeCF_label_2" xlink:arcrole="http://www.xbrl.org/2003/arcrole/concept-label" order="1" />
    <link:labelArc xlink:type="arc" xlink:from="jpcrp040300-q2r_E02142-000_DepreciationAndAmortizationForOtherAssetsOpeCF" xlink:to="jpcrp040300-q2r_E02142-000_DepreciationAndAmortizationForOtherAssetsOpeCF_label_1" xlink:arcrole="http://www.xbrl.org/2003/arcrole/concept-label" order="1" />
    <link:labelArc xlink:type="arc" xlink:from="jpcrp040300-q2r_E02142-000_DepreciationAndAmortizationForOtherAssetsOpeCF" xlink:to="jpcrp040300-q2r_E02142-000_DepreciationAndAmortizationForOtherAssetsOpeCF_label" xlink:arcrole="http://www.xbrl.org/2003/arcrole/concept-label" order="1" />
    <link:labelArc xlink:type="arc" xlink:from="jpcrp040300-q2r_E02142-000_DerivativeIncomeNOI" xlink:to="jpcrp040300-q2r_E02142-000_DerivativeIncomeNOI_label_2" xlink:arcrole="http://www.xbrl.org/2003/arcrole/concept-label" order="1" />
    <link:labelArc xlink:type="arc" xlink:from="jpcrp040300-q2r_E02142-000_DerivativeIncomeNOI" xlink:to="jpcrp040300-q2r_E02142-000_DerivativeIncomeNOI_label_1" xlink:arcrole="http://www.xbrl.org/2003/arcrole/concept-label" order="1" />
    <link:labelArc xlink:type="arc" xlink:from="jpcrp040300-q2r_E02142-000_DerivativeIncomeNOI" xlink:to="jpcrp040300-q2r_E02142-000_DerivativeIncomeNOI_label" xlink:arcrole="http://www.xbrl.org/2003/arcrole/concept-label" order="1" />
    <link:labelArc xlink:type="arc" xlink:from="jpcrp040300-q2r_E02142-000_DerivativeLossNOE" xlink:to="jpcrp040300-q2r_E02142-000_DerivativeLossNOE_label_2" xlink:arcrole="http://www.xbrl.org/2003/arcrole/concept-label" order="1" />
    <link:labelArc xlink:type="arc" xlink:from="jpcrp040300-q2r_E02142-000_DerivativeLossNOE" xlink:to="jpcrp040300-q2r_E02142-000_DerivativeLossNOE_label_1" xlink:arcrole="http://www.xbrl.org/2003/arcrole/concept-label" order="1" />
    <link:labelArc xlink:type="arc" xlink:from="jpcrp040300-q2r_E02142-000_DerivativeLossNOE" xlink:to="jpcrp040300-q2r_E02142-000_DerivativeLossNOE_label" xlink:arcrole="http://www.xbrl.org/2003/arcrole/concept-label" order="1" />
    <link:labelArc xlink:type="arc" xlink:from="jpcrp040300-q2r_E02142-000_EliminationOfInterSegmentTransactionsMember" xlink:to="jpcrp040300-q2r_E02142-000_EliminationOfInterSegmentTransactionsMember_label_1" xlink:arcrole="http://www.xbrl.org/2003/arcrole/concept-label" order="1" />
    <link:labelArc xlink:type="arc" xlink:from="jpcrp040300-q2r_E02142-000_EliminationOfInterSegmentTransactionsMember" xlink:to="jpcrp040300-q2r_E02142-000_EliminationOfInterSegmentTransactionsMember_label" xlink:arcrole="http://www.xbrl.org/2003/arcrole/concept-label" order="1" />
    <link:labelArc xlink:type="arc" xlink:from="jpcrp040300-q2r_E02142-000_NetDecreaseIncreaseInRestrictedCashInvCF" xlink:to="jpcrp040300-q2r_E02142-000_NetDecreaseIncreaseInRestrictedCashInvCF_label_2" xlink:arcrole="http://www.xbrl.org/2003/arcrole/concept-label" order="1" />
    <link:labelArc xlink:type="arc" xlink:from="jpcrp040300-q2r_E02142-000_NetDecreaseIncreaseInRestrictedCashInvCF" xlink:to="jpcrp040300-q2r_E02142-000_NetDecreaseIncreaseInRestrictedCashInvCF_label_1" xlink:arcrole="http://www.xbrl.org/2003/arcrole/concept-label" order="1" />
    <link:labelArc xlink:type="arc" xlink:from="jpcrp040300-q2r_E02142-000_NetDecreaseIncreaseInRestrictedCashInvCF" xlink:to="jpcrp040300-q2r_E02142-000_NetDecreaseIncreaseInRestrictedCashInvCF_label" xlink:arcrole="http://www.xbrl.org/2003/arcrole/concept-label" order="1" />
    <link:labelArc xlink:type="arc" xlink:from="jpcrp040300-q2r_E02142-000_NetDecreaseIncreaseInShortTermInvestmentsInvCF" xlink:to="jpcrp040300-q2r_E02142-000_NetDecreaseIncreaseInShortTermInvestmentsInvCF_label_2" xlink:arcrole="http://www.xbrl.org/2003/arcrole/concept-label" order="1" />
    <link:labelArc xlink:type="arc" xlink:from="jpcrp040300-q2r_E02142-000_NetDecreaseIncreaseInShortTermInvestmentsInvCF" xlink:to="jpcrp040300-q2r_E02142-000_NetDecreaseIncreaseInShortTermInvestmentsInvCF_label_1" xlink:arcrole="http://www.xbrl.org/2003/arcrole/concept-label" order="1" />
    <link:labelArc xlink:type="arc" xlink:from="jpcrp040300-q2r_E02142-000_NetDecreaseIncreaseInShortTermInvestmentsInvCF" xlink:to="jpcrp040300-q2r_E02142-000_NetDecreaseIncreaseInShortTermInvestmentsInvCF_label" xlink:arcrole="http://www.xbrl.org/2003/arcrole/concept-label" order="1" />
    <link:labelArc xlink:type="arc" xlink:from="jpcrp040300-q2r_E02142-000_NotesRegardingMachineryEquipmentAndVehiclesNetTextBlock" xlink:to="jpcrp040300-q2r_E02142-000_NotesRegardingMachineryEquipmentAndVehiclesNetTextBlock_label_1" xlink:arcrole="http://www.xbrl.org/2003/arcrole/concept-label" order="1" />
    <link:labelArc xlink:type="arc" xlink:from="jpcrp040300-q2r_E02142-000_NotesRegardingMachineryEquipmentAndVehiclesNetTextBlock" xlink:to="jpcrp040300-q2r_E02142-000_NotesRegardingMachineryEquipmentAndVehiclesNetTextBlock_label" xlink:arcrole="http://www.xbrl.org/2003/arcrole/concept-label" order="1" />
    <link:labelArc xlink:type="arc" xlink:from="jpcrp040300-q2r_E02142-000_OtherSellingExpenseSGA" xlink:to="jpcrp040300-q2r_E02142-000_OtherSellingExpenseSGA_label_1" xlink:arcrole="http://www.xbrl.org/2003/arcrole/concept-label" order="1" />
    <link:labelArc xlink:type="arc" xlink:from="jpcrp040300-q2r_E02142-000_OtherSellingExpenseSGA" xlink:to="jpcrp040300-q2r_E02142-000_OtherSellingExpenseSGA_label" xlink:arcrole="http://www.xbrl.org/2003/arcrole/concept-label" order="1" />
    <link:labelArc xlink:type="arc" xlink:from="jpcrp040300-q2r_E02142-000_PaymentsRelatedToNetDefinedBenefitAssetAndLiabilityOpeCF" xlink:to="jpcrp040300-q2r_E02142-000_PaymentsRelatedToNetDefinedBenefitAssetAndLiabilityOpeCF_label_2" xlink:arcrole="http://www.xbrl.org/2003/arcrole/concept-label" order="1" />
    <link:labelArc xlink:type="arc" xlink:from="jpcrp040300-q2r_E02142-000_PaymentsRelatedToNetDefinedBenefitAssetAndLiabilityOpeCF" xlink:to="jpcrp040300-q2r_E02142-000_PaymentsRelatedToNetDefinedBenefitAssetAndLiabilityOpeCF_label_3" xlink:arcrole="http://www.xbrl.org/2003/arcrole/concept-label" order="1" />
    <link:labelArc xlink:type="arc" xlink:from="jpcrp040300-q2r_E02142-000_PaymentsRelatedToNetDefinedBenefitAssetAndLiabilityOpeCF" xlink:to="jpcrp040300-q2r_E02142-000_PaymentsRelatedToNetDefinedBenefitAssetAndLiabilityOpeCF_label" xlink:arcrole="http://www.xbrl.org/2003/arcrole/concept-label" order="1" />
    <link:labelArc xlink:type="arc" xlink:from="jpcrp040300-q2r_E02142-000_PaymentsRelatedToNetDefinedBenefitAssetAndLiabilityOpeCF" xlink:to="jpcrp040300-q2r_E02142-000_PaymentsRelatedToNetDefinedBenefitAssetAndLiabilityOpeCF_label_1" xlink:arcrole="http://www.xbrl.org/2003/arcrole/concept-label" order="1" />
    <link:labelArc xlink:type="arc" xlink:from="jpcrp040300-q2r_E02142-000_ProceedsFromPaymentsForSalesOfInvestmentsInSubsidiariesResultingInChangeInScopeOfConsolidatitonInvCF" xlink:to="jpcrp040300-q2r_E02142-000_ProceedsFromPaymentsForSalesOfInvestmentsInSubsidiariesResultingInChangeInScopeOfConsolidatitonInvCF_label_2" xlink:arcrole="http://www.xbrl.org/2003/arcrole/concept-label" order="1" />
    <link:labelArc xlink:type="arc" xlink:from="jpcrp040300-q2r_E02142-000_ProceedsFromPaymentsForSalesOfInvestmentsInSubsidiariesResultingInChangeInScopeOfConsolidatitonInvCF" xlink:to="jpcrp040300-q2r_E02142-000_ProceedsFromPaymentsForSalesOfInvestmentsInSubsidiariesResultingInChangeInScopeOfConsolidatitonInvCF_label_1" xlink:arcrole="http://www.xbrl.org/2003/arcrole/concept-label" order="1" />
    <link:labelArc xlink:type="arc" xlink:from="jpcrp040300-q2r_E02142-000_ProceedsFromPaymentsForSalesOfInvestmentsInSubsidiariesResultingInChangeInScopeOfConsolidatitonInvCF" xlink:to="jpcrp040300-q2r_E02142-000_ProceedsFromPaymentsForSalesOfInvestmentsInSubsidiariesResultingInChangeInScopeOfConsolidatitonInvCF_label" xlink:arcrole="http://www.xbrl.org/2003/arcrole/concept-label" order="1" />
    <link:labelArc xlink:type="arc" xlink:from="jpcrp040300-q2r_E02142-000_ProceedsFromPaymentsForSalesOfInvestmentsInSubsidiariesThatDoNotResultInChangeInScopeOfConsolidatitonFinCF" xlink:to="jpcrp040300-q2r_E02142-000_ProceedsFromPaymentsForSalesOfInvestmentsInSubsidiariesThatDoNotResultInChangeInScopeOfConsolidatitonFinCF_label_1" xlink:arcrole="http://www.xbrl.org/2003/arcrole/concept-label" order="1" />
    <link:labelArc xlink:type="arc" xlink:from="jpcrp040300-q2r_E02142-000_ProceedsFromPaymentsForSalesOfInvestmentsInSubsidiariesThatDoNotResultInChangeInScopeOfConsolidatitonFinCF" xlink:to="jpcrp040300-q2r_E02142-000_ProceedsFromPaymentsForSalesOfInvestmentsInSubsidiariesThatDoNotResultInChangeInScopeOfConsolidatitonFinCF_label" xlink:arcrole="http://www.xbrl.org/2003/arcrole/concept-label" order="1" />
    <link:labelArc xlink:type="arc" xlink:from="jpcrp040300-q2r_E02142-000_ProceedsFromSalesOfLeasedVehiclesInvCF" xlink:to="jpcrp040300-q2r_E02142-000_ProceedsFromSalesOfLeasedVehiclesInvCF_label_2" xlink:arcrole="http://www.xbrl.org/2003/arcrole/concept-label" order="1" />
    <link:labelArc xlink:type="arc" xlink:from="jpcrp040300-q2r_E02142-000_ProceedsFromSalesOfLeasedVehiclesInvCF" xlink:to="jpcrp040300-q2r_E02142-000_ProceedsFromSalesOfLeasedVehiclesInvCF_label_1" xlink:arcrole="http://www.xbrl.org/2003/arcrole/concept-label" order="1" />
    <link:labelArc xlink:type="arc" xlink:from="jpcrp040300-q2r_E02142-000_ProceedsFromSalesOfLeasedVehiclesInvCF" xlink:to="jpcrp040300-q2r_E02142-000_ProceedsFromSalesOfLeasedVehiclesInvCF_label" xlink:arcrole="http://www.xbrl.org/2003/arcrole/concept-label" order="1" />
    <link:labelArc xlink:type="arc" xlink:from="jpcrp040300-q2r_E02142-000_PurchaseOfLeasedVehiclesInvCF" xlink:to="jpcrp040300-q2r_E02142-000_PurchaseOfLeasedVehiclesInvCF_label_2" xlink:arcrole="http://www.xbrl.org/2003/arcrole/concept-label" order="1" />
    <link:labelArc xlink:type="arc" xlink:from="jpcrp040300-q2r_E02142-000_PurchaseOfLeasedVehiclesInvCF" xlink:to="jpcrp040300-q2r_E02142-000_PurchaseOfLeasedVehiclesInvCF_label_1" xlink:arcrole="http://www.xbrl.org/2003/arcrole/concept-label" order="1" />
    <link:labelArc xlink:type="arc" xlink:from="jpcrp040300-q2r_E02142-000_PurchaseOfLeasedVehiclesInvCF" xlink:to="jpcrp040300-q2r_E02142-000_PurchaseOfLeasedVehiclesInvCF_label" xlink:arcrole="http://www.xbrl.org/2003/arcrole/concept-label" order="1" />
    <link:labelArc xlink:type="arc" xlink:from="jpcrp040300-q2r_E02142-000_SalesFinanceReceivableCA" xlink:to="jpcrp040300-q2r_E02142-000_SalesFinanceReceivableCA_label_2" xlink:arcrole="http://www.xbrl.org/2003/arcrole/concept-label" order="1" />
    <link:labelArc xlink:type="arc" xlink:from="jpcrp040300-q2r_E02142-000_SalesFinanceReceivableCA" xlink:to="jpcrp040300-q2r_E02142-000_SalesFinanceReceivableCA_label_1" xlink:arcrole="http://www.xbrl.org/2003/arcrole/concept-label" order="1" />
    <link:labelArc xlink:type="arc" xlink:from="jpcrp040300-q2r_E02142-000_SalesFinanceReceivableCA" xlink:to="jpcrp040300-q2r_E02142-000_SalesFinanceReceivableCA_label" xlink:arcrole="http://www.xbrl.org/2003/arcrole/concept-label" order="1" />
    <link:labelArc xlink:type="arc" xlink:from="jpcrp040300-q2r_E02142-000_SalesFinancingReportableSegmentsMember" xlink:to="jpcrp040300-q2r_E02142-000_SalesFinancingReportableSegmentsMember_label_1" xlink:arcrole="http://www.xbrl.org/2003/arcrole/concept-label" order="1" />
    <link:labelArc xlink:type="arc" xlink:from="jpcrp040300-q2r_E02142-000_SalesFinancingReportableSegmentsMember" xlink:to="jpcrp040300-q2r_E02142-000_SalesFinancingReportableSegmentsMember_label" xlink:arcrole="http://www.xbrl.org/2003/arcrole/concept-label" order="1" />
    <link:labelArc xlink:type="arc" xlink:from="jpcrp040300-q2r_E02142-000_SpecialAdditionToRetirementBenefitsEL" xlink:to="jpcrp040300-q2r_E02142-000_SpecialAdditionToRetirementBenefitsEL_label_1" xlink:arcrole="http://www.xbrl.org/2003/arcrole/concept-label" order="1" />
    <link:labelArc xlink:type="arc" xlink:from="jpcrp040300-q2r_E02142-000_SpecialAdditionToRetirementBenefitsEL" xlink:to="jpcrp040300-q2r_E02142-000_SpecialAdditionToRetirementBenefitsEL_label" xlink:arcrole="http://www.xbrl.org/2003/arcrole/concept-label" order="1" />
  </link:labelLink>
</link:linkbase>