﻿<?xml version="1.0" encoding="utf-8"?>
<!-- Edited with XiRUTE .NET Library 01-08 -->
<link:linkbase xmlns:xlink="http://www.w3.org/1999/xlink" xmlns:xsi="http://www.w3.org/2001/XMLSchema-instance" xmlns:link="http://www.xbrl.org/2003/linkbase">
  <link:roleRef xlink:type="simple" xlink:href="http://disclosure.edinet-fsa.go.jp/taxonomy/jppfs/2019-02-28/jppfs_rt_2019-02-28.xsd#rol_ConsolidatedLabel" roleURI="http://disclosure.edinet-fsa.go.jp/jppfs/Consolidated/role/label" />
  <link:labelLink xlink:type="extended" xlink:role="http://www.xbrl.org/2003/role/link">
    <link:label xml:lang="en" xlink:type="resource" xlink:label="jpcrp040300-q2r_E02142-000_AdjustmentForRevaluationOfTheAccountsOfTheConsolidatedSubsidiariesBasedOnGeneralPriceLevelAccountingOCI_label" xlink:role="http://www.xbrl.org/2003/role/label">Adjustment for revaluation of the accounts of the consolidated subsidiaries based on general price level accounting</link:label>
    <link:label xml:lang="en" xlink:type="resource" xlink:label="jpcrp040300-q2r_E02142-000_AdjustmentForRevaluationOfTheAccountsOfTheConsolidatedSubsidiariesBasedOnGeneralPriceLevelAccountingOCI_label_1" xlink:role="http://www.xbrl.org/2003/role/verboseLabel">Adjustment for revaluation of the accounts of the consolidated subsidiaries based on general price level accounting-OCI</link:label>
    <link:label xml:lang="en" xlink:type="resource" xlink:label="jpcrp040300-q2r_E02142-000_AdjustmentForRevaluationOfTheAccountsVTA_label" xlink:role="http://www.xbrl.org/2003/role/label">Adjustment for revaluation of the accounts</link:label>
    <link:label xml:lang="en" xlink:type="resource" xlink:label="jpcrp040300-q2r_E02142-000_AdjustmentForRevaluationOfTheAccountsVTA_label_1" xlink:role="http://www.xbrl.org/2003/role/verboseLabel">Adjustment for revaluation of the accounts-VTA</link:label>
    <link:label xml:lang="en" xlink:type="resource" xlink:label="jpcrp040300-q2r_E02142-000_AutomobileReportableSegmentsMember_label" xlink:role="http://www.xbrl.org/2003/role/label">Automobile</link:label>
    <link:label xml:lang="en" xlink:type="resource" xlink:label="jpcrp040300-q2r_E02142-000_AutomobileReportableSegmentsMember_label_1" xlink:role="http://www.xbrl.org/2003/role/verboseLabel">Automobile, Reportable segments[member]</link:label>
    <link:label xml:lang="en" xlink:type="resource" xlink:label="jpcrp040300-q2r_E02142-000_ContingentLiabilitiesTextBlock_label" xlink:role="http://www.xbrl.org/2003/role/label">Contingent liabilities</link:label>
    <link:label xml:lang="en" xlink:type="resource" xlink:label="jpcrp040300-q2r_E02142-000_ContingentLiabilitiesTextBlock_label_1" xlink:role="http://www.xbrl.org/2003/role/verboseLabel">Contingent liabilities [text block]</link:label>
    <link:label xml:lang="en" xlink:type="resource" xlink:label="jpcrp040300-q2r_E02142-000_CreditLiquidationCostsNOE_label" xlink:role="http://www.xbrl.org/2003/role/label">Credit liquidation costs</link:label>
    <link:label xml:lang="en" xlink:type="resource" xlink:label="jpcrp040300-q2r_E02142-000_CreditLiquidationCostsNOE_label_1" xlink:role="http://www.xbrl.org/2003/role/verboseLabel">Credit liquidation costs-NOE</link:label>
    <link:label xml:lang="en" xlink:type="resource" xlink:label="jpcrp040300-q2r_E02142-000_DecreaseIncreaseInTradeNotesAndAccountsReceivableOpeCF_label_1" xlink:role="http://www.xbrl.org/2003/role/label">Decrease (increase) in trade notes and accounts receivable</link:label>
    <link:label xml:lang="en" xlink:type="resource" xlink:label="jpcrp040300-q2r_E02142-000_DecreaseIncreaseInTradeNotesAndAccountsReceivableOpeCF_label_2" xlink:role="http://www.xbrl.org/2003/role/verboseLabel">Decrease (increase) in trade notes and accounts receivable-OpeCF</link:label>
    <link:label xml:lang="en" xlink:type="resource" xlink:label="jpcrp040300-q2r_E02142-000_DecreaseIncreaseInTradeNotesAndAccountsReceivableOpeCF_label" xlink:role="http://www.xbrl.org/2003/role/documentation">Decrease (increase) in trade notes and accounts receivable-OpeCF</link:label>
    <link:label xml:lang="en" xlink:type="resource" xlink:label="jpcrp040300-q2r_E02142-000_DepreciationAndAmortizationFixedAssetsExcludingLeasedVehiclesOpeCF_label_1" xlink:role="http://www.xbrl.org/2003/role/label">Depreciation and amortization (fixed assets excluding leased vehicles)</link:label>
    <link:label xml:lang="en" xlink:type="resource" xlink:label="jpcrp040300-q2r_E02142-000_DepreciationAndAmortizationFixedAssetsExcludingLeasedVehiclesOpeCF_label_2" xlink:role="http://www.xbrl.org/2003/role/verboseLabel">Depreciation and amortization (fixed assets excluding leased vehicles)-OpeCF</link:label>
    <link:label xml:lang="en" xlink:type="resource" xlink:label="jpcrp040300-q2r_E02142-000_DepreciationAndAmortizationFixedAssetsExcludingLeasedVehiclesOpeCF_label" xlink:role="http://www.xbrl.org/2003/role/documentation">Depreciation and amortization (fixed assets excluding leased vehicles)-OpeCF</link:label>
    <link:label xml:lang="en" xlink:type="resource" xlink:label="jpcrp040300-q2r_E02142-000_DepreciationAndAmortizationForLeasedVehiclesOpeCF_label_1" xlink:role="http://www.xbrl.org/2003/role/label">Depreciation and amortization (for leased vehicles)</link:label>
    <link:label xml:lang="en" xlink:type="resource" xlink:label="jpcrp040300-q2r_E02142-000_DepreciationAndAmortizationForLeasedVehiclesOpeCF_label_2" xlink:role="http://www.xbrl.org/2003/role/verboseLabel">Depreciation and amortization (for leased vehicles)-OpeCF</link:label>
    <link:label xml:lang="en" xlink:type="resource" xlink:label="jpcrp040300-q2r_E02142-000_DepreciationAndAmortizationForLeasedVehiclesOpeCF_label" xlink:role="http://www.xbrl.org/2003/role/documentation">Depreciation and amortization (for leased vehicles)-OpeCF</link:label>
    <link:label xml:lang="en" xlink:type="resource" xlink:label="jpcrp040300-q2r_E02142-000_DepreciationAndAmortizationForOtherAssetsOpeCF_label_1" xlink:role="http://www.xbrl.org/2003/role/label">Depreciation and amortization (for other assets)</link:label>
    <link:label xml:lang="en" xlink:type="resource" xlink:label="jpcrp040300-q2r_E02142-000_DepreciationAndAmortizationForOtherAssetsOpeCF_label_2" xlink:role="http://www.xbrl.org/2003/role/verboseLabel">Depreciation and amortization (for other assets)-OpeCF</link:label>
    <link:label xml:lang="en" xlink:type="resource" xlink:label="jpcrp040300-q2r_E02142-000_DepreciationAndAmortizationForOtherAssetsOpeCF_label" xlink:role="http://www.xbrl.org/2003/role/documentation">Depreciation and amortization (for other assets)-OpeCF</link:label>
    <link:label xml:lang="en" xlink:type="resource" xlink:label="jpcrp040300-q2r_E02142-000_DerivativeIncomeNOI_label_1" xlink:role="http://www.xbrl.org/2003/role/label">Derivative income</link:label>
    <link:label xml:lang="en" xlink:type="resource" xlink:label="jpcrp040300-q2r_E02142-000_DerivativeIncomeNOI_label_2" xlink:role="http://www.xbrl.org/2003/role/verboseLabel">Derivative income-NOI</link:label>
    <link:label xml:lang="en" xlink:type="resource" xlink:label="jpcrp040300-q2r_E02142-000_DerivativeIncomeNOI_label" xlink:role="http://www.xbrl.org/2003/role/documentation">Derivative income-NOI</link:label>
    <link:label xml:lang="en" xlink:type="resource" xlink:label="jpcrp040300-q2r_E02142-000_DerivativeLossNOE_label_1" xlink:role="http://www.xbrl.org/2003/role/label">Derivative loss</link:label>
    <link:label xml:lang="en" xlink:type="resource" xlink:label="jpcrp040300-q2r_E02142-000_DerivativeLossNOE_label_2" xlink:role="http://www.xbrl.org/2003/role/verboseLabel">Derivative loss-NOE</link:label>
    <link:label xml:lang="en" xlink:type="resource" xlink:label="jpcrp040300-q2r_E02142-000_DerivativeLossNOE_label" xlink:role="http://www.xbrl.org/2003/role/documentation">Derivative loss-NOE</link:label>
    <link:label xml:lang="en" xlink:type="resource" xlink:label="jpcrp040300-q2r_E02142-000_EliminationOfInterSegmentTransactionsMember_label" xlink:role="http://www.xbrl.org/2003/role/label">Elimination of inter-segment transactions</link:label>
    <link:label xml:lang="en" xlink:type="resource" xlink:label="jpcrp040300-q2r_E02142-000_EliminationOfInterSegmentTransactionsMember_label_1" xlink:role="http://www.xbrl.org/2003/role/verboseLabel">Elimination of inter-segment transactions[member]</link:label>
    <link:label xml:lang="en" xlink:type="resource" xlink:label="jpcrp040300-q2r_E02142-000_NetDecreaseIncreaseInRestrictedCashInvCF_label_1" xlink:role="http://www.xbrl.org/2003/role/label">Net decrease (increase) in restricted cash</link:label>
    <link:label xml:lang="en" xlink:type="resource" xlink:label="jpcrp040300-q2r_E02142-000_NetDecreaseIncreaseInRestrictedCashInvCF_label_2" xlink:role="http://www.xbrl.org/2003/role/verboseLabel">Net decrease (increase) in restricted cash-InvCF</link:label>
    <link:label xml:lang="en" xlink:type="resource" xlink:label="jpcrp040300-q2r_E02142-000_NetDecreaseIncreaseInRestrictedCashInvCF_label" xlink:role="http://www.xbrl.org/2003/role/documentation">Net decrease (increase) in restricted cash-InvCF</link:label>
    <link:label xml:lang="en" xlink:type="resource" xlink:label="jpcrp040300-q2r_E02142-000_NetDecreaseIncreaseInShortTermInvestmentsInvCF_label_1" xlink:role="http://www.xbrl.org/2003/role/label">Net decrease (increase) in short-term investments</link:label>
    <link:label xml:lang="en" xlink:type="resource" xlink:label="jpcrp040300-q2r_E02142-000_NetDecreaseIncreaseInShortTermInvestmentsInvCF_label_2" xlink:role="http://www.xbrl.org/2003/role/verboseLabel">Net decrease (increase) in short-term investments-InvCF</link:label>
    <link:label xml:lang="en" xlink:type="resource" xlink:label="jpcrp040300-q2r_E02142-000_NetDecreaseIncreaseInShortTermInvestmentsInvCF_label" xlink:role="http://www.xbrl.org/2003/role/documentation">Net decrease (increase) in short-term investments-InvCF</link:label>
    <link:label xml:lang="en" xlink:type="resource" xlink:label="jpcrp040300-q2r_E02142-000_NotesRegardingMachineryEquipmentAndVehiclesNetTextBlock_label" xlink:role="http://www.xbrl.org/2003/role/label">Notes regarding machinery, equipment and vehicles, net</link:label>
    <link:label xml:lang="en" xlink:type="resource" xlink:label="jpcrp040300-q2r_E02142-000_NotesRegardingMachineryEquipmentAndVehiclesNetTextBlock_label_1" xlink:role="http://www.xbrl.org/2003/role/verboseLabel">Notes regarding machinery, equipment and vehicles, net[text block]</link:label>
    <link:label xml:lang="en" xlink:type="resource" xlink:label="jpcrp040300-q2r_E02142-000_OtherSellingExpenseSGA_label" xlink:role="http://www.xbrl.org/2003/role/label">Other selling expense</link:label>
    <link:label xml:lang="en" xlink:type="resource" xlink:label="jpcrp040300-q2r_E02142-000_OtherSellingExpenseSGA_label_1" xlink:role="http://www.xbrl.org/2003/role/verboseLabel">Other selling expense-SGA</link:label>
    <link:label xml:lang="en" xlink:type="resource" xlink:label="jpcrp040300-q2r_E02142-000_PaymentsRelatedToNetDefinedBenefitAssetAndLiabilityOpeCF_label_2" xlink:role="http://www.xbrl.org/2003/role/label">Payments related to net defined benefit asset and liability</link:label>
    <link:label xml:lang="en" xlink:type="resource" xlink:label="jpcrp040300-q2r_E02142-000_PaymentsRelatedToNetDefinedBenefitAssetAndLiabilityOpeCF_label_3" xlink:role="http://www.xbrl.org/2003/role/verboseLabel">Payments related to net defined benefit asset and liability-OpeCF</link:label>
    <link:label xml:lang="en" xlink:type="resource" xlink:label="jpcrp040300-q2r_E02142-000_PaymentsRelatedToNetDefinedBenefitAssetAndLiabilityOpeCF_label_1" xlink:role="http://www.xbrl.org/2003/role/documentation">Payments related to net defined benefit asset and liability-OpeCF</link:label>
    <link:label xml:lang="en" xlink:type="resource" xlink:label="jpcrp040300-q2r_E02142-000_PaymentsRelatedToNetDefinedBenefitAssetAndLiabilityOpeCF_label" xlink:role="http://disclosure.edinet-fsa.go.jp/jppfs/Consolidated/role/label">Payments related to net defined benefit asset and liability</link:label>
    <link:label xml:lang="en" xlink:type="resource" xlink:label="jpcrp040300-q2r_E02142-000_ProceedsFromPaymentsForSalesOfInvestmentsInSubsidiariesResultingInChangeInScopeOfConsolidatitonInvCF_label_1" xlink:role="http://www.xbrl.org/2003/role/label">Proceeds from (Payments for) sales of investments in subsidiaries resulting in change in scope of consolidatiton</link:label>
    <link:label xml:lang="en" xlink:type="resource" xlink:label="jpcrp040300-q2r_E02142-000_ProceedsFromPaymentsForSalesOfInvestmentsInSubsidiariesResultingInChangeInScopeOfConsolidatitonInvCF_label_2" xlink:role="http://www.xbrl.org/2003/role/verboseLabel">Proceeds from (Payments for) sales of investments in subsidiaries resulting in change in scope of consolidatiton-InvCF</link:label>
    <link:label xml:lang="en" xlink:type="resource" xlink:label="jpcrp040300-q2r_E02142-000_ProceedsFromPaymentsForSalesOfInvestmentsInSubsidiariesResultingInChangeInScopeOfConsolidatitonInvCF_label" xlink:role="http://www.xbrl.org/2003/role/documentation">Proceeds from (Payments for) sales of investments in subsidiaries resulting in change in scope of consolidatiton-InvCF</link:label>
    <link:label xml:lang="en" xlink:type="resource" xlink:label="jpcrp040300-q2r_E02142-000_ProceedsFromPaymentsForSalesOfInvestmentsInSubsidiariesThatDoNotResultInChangeInScopeOfConsolidatitonFinCF_label" xlink:role="http://www.xbrl.org/2003/role/label">Proceeds from (payments for) sales of investments in subsidiaries that do not result in change in scope of consolidatiton</link:label>
    <link:label xml:lang="en" xlink:type="resource" xlink:label="jpcrp040300-q2r_E02142-000_ProceedsFromPaymentsForSalesOfInvestmentsInSubsidiariesThatDoNotResultInChangeInScopeOfConsolidatitonFinCF_label_1" xlink:role="http://www.xbrl.org/2003/role/verboseLabel">Proceeds from (payments for) sales of investments in subsidiaries that do not result in change in scope of consolidatiton-FinCF</link:label>
    <link:label xml:lang="en" xlink:type="resource" xlink:label="jpcrp040300-q2r_E02142-000_ProceedsFromSalesOfLeasedVehiclesInvCF_label_1" xlink:role="http://www.xbrl.org/2003/role/label">Proceeds from sales of leased vehicles</link:label>
    <link:label xml:lang="en" xlink:type="resource" xlink:label="jpcrp040300-q2r_E02142-000_ProceedsFromSalesOfLeasedVehiclesInvCF_label_2" xlink:role="http://www.xbrl.org/2003/role/verboseLabel">Proceeds from sales of leased vehicles-InvCF</link:label>
    <link:label xml:lang="en" xlink:type="resource" xlink:label="jpcrp040300-q2r_E02142-000_ProceedsFromSalesOfLeasedVehiclesInvCF_label" xlink:role="http://www.xbrl.org/2003/role/documentation">Proceeds from sales of leased vehicles-InvCF</link:label>
    <link:label xml:lang="en" xlink:type="resource" xlink:label="jpcrp040300-q2r_E02142-000_PurchaseOfLeasedVehiclesInvCF_label_1" xlink:role="http://www.xbrl.org/2003/role/label">Purchase of leased vehicles</link:label>
    <link:label xml:lang="en" xlink:type="resource" xlink:label="jpcrp040300-q2r_E02142-000_PurchaseOfLeasedVehiclesInvCF_label_2" xlink:role="http://www.xbrl.org/2003/role/verboseLabel">Purchase of leased vehicles-InvCF</link:label>
    <link:label xml:lang="en" xlink:type="resource" xlink:label="jpcrp040300-q2r_E02142-000_PurchaseOfLeasedVehiclesInvCF_label" xlink:role="http://www.xbrl.org/2003/role/documentation">Purchase of leased vehicles-InvCF</link:label>
    <link:label xml:lang="en" xlink:type="resource" xlink:label="jpcrp040300-q2r_E02142-000_SalesFinanceReceivableCA_label_1" xlink:role="http://www.xbrl.org/2003/role/label">Sales finance receivable</link:label>
    <link:label xml:lang="en" xlink:type="resource" xlink:label="jpcrp040300-q2r_E02142-000_SalesFinanceReceivableCA_label_2" xlink:role="http://www.xbrl.org/2003/role/verboseLabel">Sales finance receivable-CA</link:label>
    <link:label xml:lang="en" xlink:type="resource" xlink:label="jpcrp040300-q2r_E02142-000_SalesFinanceReceivableCA_label" xlink:role="http://www.xbrl.org/2003/role/documentation">Sales finance receivable-CA</link:label>
    <link:label xml:lang="en" xlink:type="resource" xlink:label="jpcrp040300-q2r_E02142-000_SalesFinancingReportableSegmentsMember_label" xlink:role="http://www.xbrl.org/2003/role/label">Sales financing</link:label>
    <link:label xml:lang="en" xlink:type="resource" xlink:label="jpcrp040300-q2r_E02142-000_SalesFinancingReportableSegmentsMember_label_1" xlink:role="http://www.xbrl.org/2003/role/verboseLabel">Sales financing, Reportable segments[member]</link:label>
    <link:label xml:lang="en" xlink:type="resource" xlink:label="jpcrp040300-q2r_E02142-000_SpecialAdditionToRetirementBenefitsEL_label" xlink:role="http://www.xbrl.org/2003/role/label">Special addition to retirement benefits</link:label>
    <link:label xml:lang="en" xlink:type="resource" xlink:label="jpcrp040300-q2r_E02142-000_SpecialAdditionToRetirementBenefitsEL_label_1" xlink:role="http://www.xbrl.org/2003/role/verboseLabel">Special addition to retirement benefits-EL</link:label>
    <link:loc xlink:type="locator" xlink:href="jpcrp040300-q2r-001_E02142-000_2019-09-30_01_2019-11-14.xsd#jpcrp040300-q2r_E02142-000_AdjustmentForRevaluationOfTheAccountsOfTheConsolidatedSubsidiariesBasedOnGeneralPriceLevelAccountingOCI" xlink:label="jpcrp040300-q2r_E02142-000_AdjustmentForRevaluationOfTheAccountsOfTheConsolidatedSubsidiariesBasedOnGeneralPriceLevelAccountingOCI" />
    <link:loc xlink:type="locator" xlink:href="jpcrp040300-q2r-001_E02142-000_2019-09-30_01_2019-11-14.xsd#jpcrp040300-q2r_E02142-000_AdjustmentForRevaluationOfTheAccountsVTA" xlink:label="jpcrp040300-q2r_E02142-000_AdjustmentForRevaluationOfTheAccountsVTA" />
    <link:loc xlink:type="locator" xlink:href="jpcrp040300-q2r-001_E02142-000_2019-09-30_01_2019-11-14.xsd#jpcrp040300-q2r_E02142-000_AutomobileReportableSegmentsMember" xlink:label="jpcrp040300-q2r_E02142-000_AutomobileReportableSegmentsMember" />
    <link:loc xlink:type="locator" xlink:href="jpcrp040300-q2r-001_E02142-000_2019-09-30_01_2019-11-14.xsd#jpcrp040300-q2r_E02142-000_ContingentLiabilitiesTextBlock" xlink:label="jpcrp040300-q2r_E02142-000_ContingentLiabilitiesTextBlock" />
    <link:loc xlink:type="locator" xlink:href="jpcrp040300-q2r-001_E02142-000_2019-09-30_01_2019-11-14.xsd#jpcrp040300-q2r_E02142-000_CreditLiquidationCostsNOE" xlink:label="jpcrp040300-q2r_E02142-000_CreditLiquidationCostsNOE" />
    <link:loc xlink:type="locator" xlink:href="jpcrp040300-q2r-001_E02142-000_2019-09-30_01_2019-11-14.xsd#jpcrp040300-q2r_E02142-000_DecreaseIncreaseInTradeNotesAndAccountsReceivableOpeCF" xlink:label="jpcrp040300-q2r_E02142-000_DecreaseIncreaseInTradeNotesAndAccountsReceivableOpeCF" />
    <link:loc xlink:type="locator" xlink:href="jpcrp040300-q2r-001_E02142-000_2019-09-30_01_2019-11-14.xsd#jpcrp040300-q2r_E02142-000_DepreciationAndAmortizationFixedAssetsExcludingLeasedVehiclesOpeCF" xlink:label="jpcrp040300-q2r_E02142-000_DepreciationAndAmortizationFixedAssetsExcludingLeasedVehiclesOpeCF" />
    <link:loc xlink:type="locator" xlink:href="jpcrp040300-q2r-001_E02142-000_2019-09-30_01_2019-11-14.xsd#jpcrp040300-q2r_E02142-000_DepreciationAndAmortizationForLeasedVehiclesOpeCF" xlink:label="jpcrp040300-q2r_E02142-000_DepreciationAndAmortizationForLeasedVehiclesOpeCF" />
    <link:loc xlink:type="locator" xlink:href="jpcrp040300-q2r-001_E02142-000_2019-09-30_01_2019-11-14.xsd#jpcrp040300-q2r_E02142-000_DepreciationAndAmortizationForOtherAssetsOpeCF" xlink:label="jpcrp040300-q2r_E02142-000_DepreciationAndAmortizationForOtherAssetsOpeCF" />
    <link:loc xlink:type="locator" xlink:href="jpcrp040300-q2r-001_E02142-000_2019-09-30_01_2019-11-14.xsd#jpcrp040300-q2r_E02142-000_DerivativeIncomeNOI" xlink:label="jpcrp040300-q2r_E02142-000_DerivativeIncomeNOI" />
    <link:loc xlink:type="locator" xlink:href="jpcrp040300-q2r-001_E02142-000_2019-09-30_01_2019-11-14.xsd#jpcrp040300-q2r_E02142-000_DerivativeLossNOE" xlink:label="jpcrp040300-q2r_E02142-000_DerivativeLossNOE" />
    <link:loc xlink:type="locator" xlink:href="jpcrp040300-q2r-001_E02142-000_2019-09-30_01_2019-11-14.xsd#jpcrp040300-q2r_E02142-000_EliminationOfInterSegmentTransactionsMember" xlink:label="jpcrp040300-q2r_E02142-000_EliminationOfInterSegmentTransactionsMember" />
    <link:loc xlink:type="locator" xlink:href="jpcrp040300-q2r-001_E02142-000_2019-09-30_01_2019-11-14.xsd#jpcrp040300-q2r_E02142-000_NetDecreaseIncreaseInRestrictedCashInvCF" xlink:label="jpcrp040300-q2r_E02142-000_NetDecreaseIncreaseInRestrictedCashInvCF" />
    <link:loc xlink:type="locator" xlink:href="jpcrp040300-q2r-001_E02142-000_2019-09-30_01_2019-11-14.xsd#jpcrp040300-q2r_E02142-000_NetDecreaseIncreaseInShortTermInvestmentsInvCF" xlink:label="jpcrp040300-q2r_E02142-000_NetDecreaseIncreaseInShortTermInvestmentsInvCF" />
    <link:loc xlink:type="locator" xlink:href="jpcrp040300-q2r-001_E02142-000_2019-09-30_01_2019-11-14.xsd#jpcrp040300-q2r_E02142-000_NotesRegardingMachineryEquipmentAndVehiclesNetTextBlock" xlink:label="jpcrp040300-q2r_E02142-000_NotesRegardingMachineryEquipmentAndVehiclesNetTextBlock" />
    <link:loc xlink:type="locator" xlink:href="jpcrp040300-q2r-001_E02142-000_2019-09-30_01_2019-11-14.xsd#jpcrp040300-q2r_E02142-000_OtherSellingExpenseSGA" xlink:label="jpcrp040300-q2r_E02142-000_OtherSellingExpenseSGA" />
    <link:loc xlink:type="locator" xlink:href="jpcrp040300-q2r-001_E02142-000_2019-09-30_01_2019-11-14.xsd#jpcrp040300-q2r_E02142-000_PaymentsRelatedToNetDefinedBenefitAssetAndLiabilityOpeCF" xlink:label="jpcrp040300-q2r_E02142-000_PaymentsRelatedToNetDefinedBenefitAssetAndLiabilityOpeCF" />
    <link:loc xlink:type="locator" xlink:href="jpcrp040300-q2r-001_E02142-000_2019-09-30_01_2019-11-14.xsd#jpcrp040300-q2r_E02142-000_ProceedsFromPaymentsForSalesOfInvestmentsInSubsidiariesResultingInChangeInScopeOfConsolidatitonInvCF" xlink:label="jpcrp040300-q2r_E02142-000_ProceedsFromPaymentsForSalesOfInvestmentsInSubsidiariesResultingInChangeInScopeOfConsolidatitonInvCF" />
    <link:loc xlink:type="locator" xlink:href="jpcrp040300-q2r-001_E02142-000_2019-09-30_01_2019-11-14.xsd#jpcrp040300-q2r_E02142-000_ProceedsFromPaymentsForSalesOfInvestmentsInSubsidiariesThatDoNotResultInChangeInScopeOfConsolidatitonFinCF" xlink:label="jpcrp040300-q2r_E02142-000_ProceedsFromPaymentsForSalesOfInvestmentsInSubsidiariesThatDoNotResultInChangeInScopeOfConsolidatitonFinCF" />
    <link:loc xlink:type="locator" xlink:href="jpcrp040300-q2r-001_E02142-000_2019-09-30_01_2019-11-14.xsd#jpcrp040300-q2r_E02142-000_ProceedsFromSalesOfLeasedVehiclesInvCF" xlink:label="jpcrp040300-q2r_E02142-000_ProceedsFromSalesOfLeasedVehiclesInvCF" />
    <link:loc xlink:type="locator" xlink:href="jpcrp040300-q2r-001_E02142-000_2019-09-30_01_2019-11-14.xsd#jpcrp040300-q2r_E02142-000_PurchaseOfLeasedVehiclesInvCF" xlink:label="jpcrp040300-q2r_E02142-000_PurchaseOfLeasedVehiclesInvCF" />
    <link:loc xlink:type="locator" xlink:href="jpcrp040300-q2r-001_E02142-000_2019-09-30_01_2019-11-14.xsd#jpcrp040300-q2r_E02142-000_SalesFinanceReceivableCA" xlink:label="jpcrp040300-q2r_E02142-000_SalesFinanceReceivableCA" />
    <link:loc xlink:type="locator" xlink:href="jpcrp040300-q2r-001_E02142-000_2019-09-30_01_2019-11-14.xsd#jpcrp040300-q2r_E02142-000_SalesFinancingReportableSegmentsMember" xlink:label="jpcrp040300-q2r_E02142-000_SalesFinancingReportableSegmentsMember" />
    <link:loc xlink:type="locator" xlink:href="jpcrp040300-q2r-001_E02142-000_2019-09-30_01_2019-11-14.xsd#jpcrp040300-q2r_E02142-000_SpecialAdditionToRetirementBenefitsEL" xlink:label="jpcrp040300-q2r_E02142-000_SpecialAdditionToRetirementBenefitsEL" />
    <link:labelArc xlink:type="arc" xlink:from="jpcrp040300-q2r_E02142-000_AdjustmentForRevaluationOfTheAccountsOfTheConsolidatedSubsidiariesBasedOnGeneralPriceLevelAccountingOCI" xlink:to="jpcrp040300-q2r_E02142-000_AdjustmentForRevaluationOfTheAccountsOfTheConsolidatedSubsidiariesBasedOnGeneralPriceLevelAccountingOCI_label_1" xlink:arcrole="http://www.xbrl.org/2003/arcrole/concept-label" order="1" />
    <link:labelArc xlink:type="arc" xlink:from="jpcrp040300-q2r_E02142-000_AdjustmentForRevaluationOfTheAccountsOfTheConsolidatedSubsidiariesBasedOnGeneralPriceLevelAccountingOCI" xlink:to="jpcrp040300-q2r_E02142-000_AdjustmentForRevaluationOfTheAccountsOfTheConsolidatedSubsidiariesBasedOnGeneralPriceLevelAccountingOCI_label" xlink:arcrole="http://www.xbrl.org/2003/arcrole/concept-label" order="1" />
    <link:labelArc xlink:type="arc" xlink:from="jpcrp040300-q2r_E02142-000_AdjustmentForRevaluationOfTheAccountsVTA" xlink:to="jpcrp040300-q2r_E02142-000_AdjustmentForRevaluationOfTheAccountsVTA_label_1" xlink:arcrole="http://www.xbrl.org/2003/arcrole/concept-label" order="1" />
    <link:labelArc xlink:type="arc" xlink:from="jpcrp040300-q2r_E02142-000_AdjustmentForRevaluationOfTheAccountsVTA" xlink:to="jpcrp040300-q2r_E02142-000_AdjustmentForRevaluationOfTheAccountsVTA_label" xlink:arcrole="http://www.xbrl.org/2003/arcrole/concept-label" order="1" />
    <link:labelArc xlink:type="arc" xlink:from="jpcrp040300-q2r_E02142-000_AutomobileReportableSegmentsMember" xlink:to="jpcrp040300-q2r_E02142-000_AutomobileReportableSegmentsMember_label_1" xlink:arcrole="http://www.xbrl.org/2003/arcrole/concept-label" order="1" />
    <link:labelArc xlink:type="arc" xlink:from="jpcrp040300-q2r_E02142-000_AutomobileReportableSegmentsMember" xlink:to="jpcrp040300-q2r_E02142-000_AutomobileReportableSegmentsMember_label" xlink:arcrole="http://www.xbrl.org/2003/arcrole/concept-label" order="1" />
    <link:labelArc xlink:type="arc" xlink:from="jpcrp040300-q2r_E02142-000_ContingentLiabilitiesTextBlock" xlink:to="jpcrp040300-q2r_E02142-000_ContingentLiabilitiesTextBlock_label_1" xlink:arcrole="http://www.xbrl.org/2003/arcrole/concept-label" order="1" />
    <link:labelArc xlink:type="arc" xlink:from="jpcrp040300-q2r_E02142-000_ContingentLiabilitiesTextBlock" xlink:to="jpcrp040300-q2r_E02142-000_ContingentLiabilitiesTextBlock_label" xlink:arcrole="http://www.xbrl.org/2003/arcrole/concept-label" order="1" />
    <link:labelArc xlink:type="arc" xlink:from="jpcrp040300-q2r_E02142-000_CreditLiquidationCostsNOE" xlink:to="jpcrp040300-q2r_E02142-000_CreditLiquidationCostsNOE_label_1" xlink:arcrole="http://www.xbrl.org/2003/arcrole/concept-label" order="1" />
    <link:labelArc xlink:type="arc" xlink:from="jpcrp040300-q2r_E02142-000_CreditLiquidationCostsNOE" xlink:to="jpcrp040300-q2r_E02142-000_CreditLiquidationCostsNOE_label" xlink:arcrole="http://www.xbrl.org/2003/arcrole/concept-label" order="1" />
    <link:labelArc xlink:type="arc" xlink:from="jpcrp040300-q2r_E02142-000_DecreaseIncreaseInTradeNotesAndAccountsReceivableOpeCF" xlink:to="jpcrp040300-q2r_E02142-000_DecreaseIncreaseInTradeNotesAndAccountsReceivableOpeCF_label_2" xlink:arcrole="http://www.xbrl.org/2003/arcrole/concept-label" order="1" />
    <link:labelArc xlink:type="arc" xlink:from="jpcrp040300-q2r_E02142-000_DecreaseIncreaseInTradeNotesAndAccountsReceivableOpeCF" xlink:to="jpcrp040300-q2r_E02142-000_DecreaseIncreaseInTradeNotesAndAccountsReceivableOpeCF_label_1" xlink:arcrole="http://www.xbrl.org/2003/arcrole/concept-label" order="1" />
    <link:labelArc xlink:type="arc" xlink:from="jpcrp040300-q2r_E02142-000_DecreaseIncreaseInTradeNotesAndAccountsReceivableOpeCF" xlink:to="jpcrp040300-q2r_E02142-000_DecreaseIncreaseInTradeNotesAndAccountsReceivableOpeCF_label" xlink:arcrole="http://www.xbrl.org/2003/arcrole/concept-label" order="1" />
    <link:labelArc xlink:type="arc" xlink:from="jpcrp040300-q2r_E02142-000_DepreciationAndAmortizationFixedAssetsExcludingLeasedVehiclesOpeCF" xlink:to="jpcrp040300-q2r_E02142-000_DepreciationAndAmortizationFixedAssetsExcludingLeasedVehiclesOpeCF_label_2" xlink:arcrole="http://www.xbrl.org/2003/arcrole/concept-label" order="1" />
    <link:labelArc xlink:type="arc" xlink:from="jpcrp040300-q2r_E02142-000_DepreciationAndAmortizationFixedAssetsExcludingLeasedVehiclesOpeCF" xlink:to="jpcrp040300-q2r_E02142-000_DepreciationAndAmortizationFixedAssetsExcludingLeasedVehiclesOpeCF_label_1" xlink:arcrole="http://www.xbrl.org/2003/arcrole/concept-label" order="1" />
    <link:labelArc xlink:type="arc" xlink:from="jpcrp040300-q2r_E02142-000_DepreciationAndAmortizationFixedAssetsExcludingLeasedVehiclesOpeCF" xlink:to="jpcrp040300-q2r_E02142-000_DepreciationAndAmortizationFixedAssetsExcludingLeasedVehiclesOpeCF_label" xlink:arcrole="http://www.xbrl.org/2003/arcrole/concept-label" order="1" />
    <link:labelArc xlink:type="arc" xlink:from="jpcrp040300-q2r_E02142-000_DepreciationAndAmortizationForLeasedVehiclesOpeCF" xlink:to="jpcrp040300-q2r_E02142-000_DepreciationAndAmortizationForLeasedVehiclesOpeCF_label_2" xlink:arcrole="http://www.xbrl.org/2003/arcrole/concept-label" order="1" />
    <link:labelArc xlink:type="arc" xlink:from="jpcrp040300-q2r_E02142-000_DepreciationAndAmortizationForLeasedVehiclesOpeCF" xlink:to="jpcrp040300-q2r_E02142-000_DepreciationAndAmortizationForLeasedVehiclesOpeCF_label_1" xlink:arcrole="http://www.xbrl.org/2003/arcrole/concept-label" order="1" />
    <link:labelArc xlink:type="arc" xlink:from="jpcrp040300-q2r_E02142-000_DepreciationAndAmortizationForLeasedVehiclesOpeCF" xlink:to="jpcrp040300-q2r_E02142-000_DepreciationAndAmortizationForLeasedVehiclesOpeCF_label" xlink:arcrole="http://www.xbrl.org/2003/arcrole/concept-label" order="1" />
    <link:labelArc xlink:type="arc" xlink:from="jpcrp040300-q2r_E02142-000_DepreciationAndAmortizationForOtherAssetsOpeCF" xlink:to="jpcrp040300-q2r_E02142-000_DepreciationAndAmortizationForOtherAssetsOpeCF_label_2" xlink:arcrole="http://www.xbrl.org/2003/arcrole/concept-label" order="1" />
    <link:labelArc xlink:type="arc" xlink:from="jpcrp040300-q2r_E02142-000_DepreciationAndAmortizationForOtherAssetsOpeCF" xlink:to="jpcrp040300-q2r_E02142-000_DepreciationAndAmortizationForOtherAssetsOpeCF_label_1" xlink:arcrole="http://www.xbrl.org/2003/arcrole/concept-label" order="1" />
    <link:labelArc xlink:type="arc" xlink:from="jpcrp040300-q2r_E02142-000_DepreciationAndAmortizationForOtherAssetsOpeCF" xlink:to="jpcrp040300-q2r_E02142-000_DepreciationAndAmortizationForOtherAssetsOpeCF_label" xlink:arcrole="http://www.xbrl.org/2003/arcrole/concept-label" order="1" />
    <link:labelArc xlink:type="arc" xlink:from="jpcrp040300-q2r_E02142-000_DerivativeIncomeNOI" xlink:to="jpcrp040300-q2r_E02142-000_DerivativeIncomeNOI_label_2" xlink:arcrole="http://www.xbrl.org/2003/arcrole/concept-label" order="1" />
    <link:labelArc xlink:type="arc" xlink:from="jpcrp040300-q2r_E02142-000_DerivativeIncomeNOI" xlink:to="jpcrp040300-q2r_E02142-000_DerivativeIncomeNOI_label_1" xlink:arcrole="http://www.xbrl.org/2003/arcrole/concept-label" order="1" />
    <link:labelArc xlink:type="arc" xlink:from="jpcrp040300-q2r_E02142-000_DerivativeIncomeNOI" xlink:to="jpcrp040300-q2r_E02142-000_DerivativeIncomeNOI_label" xlink:arcrole="http://www.xbrl.org/2003/arcrole/concept-label" order="1" />
    <link:labelArc xlink:type="arc" xlink:from="jpcrp040300-q2r_E02142-000_DerivativeLossNOE" xlink:to="jpcrp040300-q2r_E02142-000_DerivativeLossNOE_label_2" xlink:arcrole="http://www.xbrl.org/2003/arcrole/concept-label" order="1" />
    <link:labelArc xlink:type="arc" xlink:from="jpcrp040300-q2r_E02142-000_DerivativeLossNOE" xlink:to="jpcrp040300-q2r_E02142-000_DerivativeLossNOE_label_1" xlink:arcrole="http://www.xbrl.org/2003/arcrole/concept-label" order="1" />
    <link:labelArc xlink:type="arc" xlink:from="jpcrp040300-q2r_E02142-000_DerivativeLossNOE" xlink:to="jpcrp040300-q2r_E02142-000_DerivativeLossNOE_label" xlink:arcrole="http://www.xbrl.org/2003/arcrole/concept-label" order="1" />
    <link:labelArc xlink:type="arc" xlink:from="jpcrp040300-q2r_E02142-000_EliminationOfInterSegmentTransactionsMember" xlink:to="jpcrp040300-q2r_E02142-000_EliminationOfInterSegmentTransactionsMember_label_1" xlink:arcrole="http://www.xbrl.org/2003/arcrole/concept-label" order="1" />
    <link:labelArc xlink:type="arc" xlink:from="jpcrp040300-q2r_E02142-000_EliminationOfInterSegmentTransactionsMember" xlink:to="jpcrp040300-q2r_E02142-000_EliminationOfInterSegmentTransactionsMember_label" xlink:arcrole="http://www.xbrl.org/2003/arcrole/concept-label" order="1" />
    <link:labelArc xlink:type="arc" xlink:from="jpcrp040300-q2r_E02142-000_NetDecreaseIncreaseInRestrictedCashInvCF" xlink:to="jpcrp040300-q2r_E02142-000_NetDecreaseIncreaseInRestrictedCashInvCF_label_2" xlink:arcrole="http://www.xbrl.org/2003/arcrole/concept-label" order="1" />
    <link:labelArc xlink:type="arc" xlink:from="jpcrp040300-q2r_E02142-000_NetDecreaseIncreaseInRestrictedCashInvCF" xlink:to="jpcrp040300-q2r_E02142-000_NetDecreaseIncreaseInRestrictedCashInvCF_label_1" xlink:arcrole="http://www.xbrl.org/2003/arcrole/concept-label" order="1" />
    <link:labelArc xlink:type="arc" xlink:from="jpcrp040300-q2r_E02142-000_NetDecreaseIncreaseInRestrictedCashInvCF" xlink:to="jpcrp040300-q2r_E02142-000_NetDecreaseIncreaseInRestrictedCashInvCF_label" xlink:arcrole="http://www.xbrl.org/2003/arcrole/concept-label" order="1" />
    <link:labelArc xlink:type="arc" xlink:from="jpcrp040300-q2r_E02142-000_NetDecreaseIncreaseInShortTermInvestmentsInvCF" xlink:to="jpcrp040300-q2r_E02142-000_NetDecreaseIncreaseInShortTermInvestmentsInvCF_label_2" xlink:arcrole="http://www.xbrl.org/2003/arcrole/concept-label" order="1" />
    <link:labelArc xlink:type="arc" xlink:from="jpcrp040300-q2r_E02142-000_NetDecreaseIncreaseInShortTermInvestmentsInvCF" xlink:to="jpcrp040300-q2r_E02142-000_NetDecreaseIncreaseInShortTermInvestmentsInvCF_label_1" xlink:arcrole="http://www.xbrl.org/2003/arcrole/concept-label" order="1" />
    <link:labelArc xlink:type="arc" xlink:from="jpcrp040300-q2r_E02142-000_NetDecreaseIncreaseInShortTermInvestmentsInvCF" xlink:to="jpcrp040300-q2r_E02142-000_NetDecreaseIncreaseInShortTermInvestmentsInvCF_label" xlink:arcrole="http://www.xbrl.org/2003/arcrole/concept-label" order="1" />
    <link:labelArc xlink:type="arc" xlink:from="jpcrp040300-q2r_E02142-000_NotesRegardingMachineryEquipmentAndVehiclesNetTextBlock" xlink:to="jpcrp040300-q2r_E02142-000_NotesRegardingMachineryEquipmentAndVehiclesNetTextBlock_label_1" xlink:arcrole="http://www.xbrl.org/2003/arcrole/concept-label" order="1" />
    <link:labelArc xlink:type="arc" xlink:from="jpcrp040300-q2r_E02142-000_NotesRegardingMachineryEquipmentAndVehiclesNetTextBlock" xlink:to="jpcrp040300-q2r_E02142-000_NotesRegardingMachineryEquipmentAndVehiclesNetTextBlock_label" xlink:arcrole="http://www.xbrl.org/2003/arcrole/concept-label" order="1" />
    <link:labelArc xlink:type="arc" xlink:from="jpcrp040300-q2r_E02142-000_OtherSellingExpenseSGA" xlink:to="jpcrp040300-q2r_E02142-000_OtherSellingExpenseSGA_label_1" xlink:arcrole="http://www.xbrl.org/2003/arcrole/concept-label" order="1" />
    <link:labelArc xlink:type="arc" xlink:from="jpcrp040300-q2r_E02142-000_OtherSellingExpenseSGA" xlink:to="jpcrp040300-q2r_E02142-000_OtherSellingExpenseSGA_label" xlink:arcrole="http://www.xbrl.org/2003/arcrole/concept-label" order="1" />
    <link:labelArc xlink:type="arc" xlink:from="jpcrp040300-q2r_E02142-000_PaymentsRelatedToNetDefinedBenefitAssetAndLiabilityOpeCF" xlink:to="jpcrp040300-q2r_E02142-000_PaymentsRelatedToNetDefinedBenefitAssetAndLiabilityOpeCF_label_2" xlink:arcrole="http://www.xbrl.org/2003/arcrole/concept-label" order="1" />
    <link:labelArc xlink:type="arc" xlink:from="jpcrp040300-q2r_E02142-000_PaymentsRelatedToNetDefinedBenefitAssetAndLiabilityOpeCF" xlink:to="jpcrp040300-q2r_E02142-000_PaymentsRelatedToNetDefinedBenefitAssetAndLiabilityOpeCF_label_3" xlink:arcrole="http://www.xbrl.org/2003/arcrole/concept-label" order="1" />
    <link:labelArc xlink:type="arc" xlink:from="jpcrp040300-q2r_E02142-000_PaymentsRelatedToNetDefinedBenefitAssetAndLiabilityOpeCF" xlink:to="jpcrp040300-q2r_E02142-000_PaymentsRelatedToNetDefinedBenefitAssetAndLiabilityOpeCF_label" xlink:arcrole="http://www.xbrl.org/2003/arcrole/concept-label" order="1" />
    <link:labelArc xlink:type="arc" xlink:from="jpcrp040300-q2r_E02142-000_PaymentsRelatedToNetDefinedBenefitAssetAndLiabilityOpeCF" xlink:to="jpcrp040300-q2r_E02142-000_PaymentsRelatedToNetDefinedBenefitAssetAndLiabilityOpeCF_label_1" xlink:arcrole="http://www.xbrl.org/2003/arcrole/concept-label" order="1" />
    <link:labelArc xlink:type="arc" xlink:from="jpcrp040300-q2r_E02142-000_ProceedsFromPaymentsForSalesOfInvestmentsInSubsidiariesResultingInChangeInScopeOfConsolidatitonInvCF" xlink:to="jpcrp040300-q2r_E02142-000_ProceedsFromPaymentsForSalesOfInvestmentsInSubsidiariesResultingInChangeInScopeOfConsolidatitonInvCF_label_2" xlink:arcrole="http://www.xbrl.org/2003/arcrole/concept-label" order="1" />
    <link:labelArc xlink:type="arc" xlink:from="jpcrp040300-q2r_E02142-000_ProceedsFromPaymentsForSalesOfInvestmentsInSubsidiariesResultingInChangeInScopeOfConsolidatitonInvCF" xlink:to="jpcrp040300-q2r_E02142-000_ProceedsFromPaymentsForSalesOfInvestmentsInSubsidiariesResultingInChangeInScopeOfConsolidatitonInvCF_label_1" xlink:arcrole="http://www.xbrl.org/2003/arcrole/concept-label" order="1" />
    <link:labelArc xlink:type="arc" xlink:from="jpcrp040300-q2r_E02142-000_ProceedsFromPaymentsForSalesOfInvestmentsInSubsidiariesResultingInChangeInScopeOfConsolidatitonInvCF" xlink:to="jpcrp040300-q2r_E02142-000_ProceedsFromPaymentsForSalesOfInvestmentsInSubsidiariesResultingInChangeInScopeOfConsolidatitonInvCF_label" xlink:arcrole="http://www.xbrl.org/2003/arcrole/concept-label" order="1" />
    <link:labelArc xlink:type="arc" xlink:from="jpcrp040300-q2r_E02142-000_ProceedsFromPaymentsForSalesOfInvestmentsInSubsidiariesThatDoNotResultInChangeInScopeOfConsolidatitonFinCF" xlink:to="jpcrp040300-q2r_E02142-000_ProceedsFromPaymentsForSalesOfInvestmentsInSubsidiariesThatDoNotResultInChangeInScopeOfConsolidatitonFinCF_label_1" xlink:arcrole="http://www.xbrl.org/2003/arcrole/concept-label" order="1" />
    <link:labelArc xlink:type="arc" xlink:from="jpcrp040300-q2r_E02142-000_ProceedsFromPaymentsForSalesOfInvestmentsInSubsidiariesThatDoNotResultInChangeInScopeOfConsolidatitonFinCF" xlink:to="jpcrp040300-q2r_E02142-000_ProceedsFromPaymentsForSalesOfInvestmentsInSubsidiariesThatDoNotResultInChangeInScopeOfConsolidatitonFinCF_label" xlink:arcrole="http://www.xbrl.org/2003/arcrole/concept-label" order="1" />
    <link:labelArc xlink:type="arc" xlink:from="jpcrp040300-q2r_E02142-000_ProceedsFromSalesOfLeasedVehiclesInvCF" xlink:to="jpcrp040300-q2r_E02142-000_ProceedsFromSalesOfLeasedVehiclesInvCF_label_2" xlink:arcrole="http://www.xbrl.org/2003/arcrole/concept-label" order="1" />
    <link:labelArc xlink:type="arc" xlink:from="jpcrp040300-q2r_E02142-000_ProceedsFromSalesOfLeasedVehiclesInvCF" xlink:to="jpcrp040300-q2r_E02142-000_ProceedsFromSalesOfLeasedVehiclesInvCF_label_1" xlink:arcrole="http://www.xbrl.org/2003/arcrole/concept-label" order="1" />
    <link:labelArc xlink:type="arc" xlink:from="jpcrp040300-q2r_E02142-000_ProceedsFromSalesOfLeasedVehiclesInvCF" xlink:to="jpcrp040300-q2r_E02142-000_ProceedsFromSalesOfLeasedVehiclesInvCF_label" xlink:arcrole="http://www.xbrl.org/2003/arcrole/concept-label" order="1" />
    <link:labelArc xlink:type="arc" xlink:from="jpcrp040300-q2r_E02142-000_PurchaseOfLeasedVehiclesInvCF" xlink:to="jpcrp040300-q2r_E02142-000_PurchaseOfLeasedVehiclesInvCF_label_2" xlink:arcrole="http://www.xbrl.org/2003/arcrole/concept-label" order="1" />
    <link:labelArc xlink:type="arc" xlink:from="jpcrp040300-q2r_E02142-000_PurchaseOfLeasedVehiclesInvCF" xlink:to="jpcrp040300-q2r_E02142-000_PurchaseOfLeasedVehiclesInvCF_label_1" xlink:arcrole="http://www.xbrl.org/2003/arcrole/concept-label" order="1" />
    <link:labelArc xlink:type="arc" xlink:from="jpcrp040300-q2r_E02142-000_PurchaseOfLeasedVehiclesInvCF" xlink:to="jpcrp040300-q2r_E02142-000_PurchaseOfLeasedVehiclesInvCF_label" xlink:arcrole="http://www.xbrl.org/2003/arcrole/concept-label" order="1" />
    <link:labelArc xlink:type="arc" xlink:from="jpcrp040300-q2r_E02142-000_SalesFinanceReceivableCA" xlink:to="jpcrp040300-q2r_E02142-000_SalesFinanceReceivableCA_label_2" xlink:arcrole="http://www.xbrl.org/2003/arcrole/concept-label" order="1" />
    <link:labelArc xlink:type="arc" xlink:from="jpcrp040300-q2r_E02142-000_SalesFinanceReceivableCA" xlink:to="jpcrp040300-q2r_E02142-000_SalesFinanceReceivableCA_label_1" xlink:arcrole="http://www.xbrl.org/2003/arcrole/concept-label" order="1" />
    <link:labelArc xlink:type="arc" xlink:from="jpcrp040300-q2r_E02142-000_SalesFinanceReceivableCA" xlink:to="jpcrp040300-q2r_E02142-000_SalesFinanceReceivableCA_label" xlink:arcrole="http://www.xbrl.org/2003/arcrole/concept-label" order="1" />
    <link:labelArc xlink:type="arc" xlink:from="jpcrp040300-q2r_E02142-000_SalesFinancingReportableSegmentsMember" xlink:to="jpcrp040300-q2r_E02142-000_SalesFinancingReportableSegmentsMember_label_1" xlink:arcrole="http://www.xbrl.org/2003/arcrole/concept-label" order="1" />
    <link:labelArc xlink:type="arc" xlink:from="jpcrp040300-q2r_E02142-000_SalesFinancingReportableSegmentsMember" xlink:to="jpcrp040300-q2r_E02142-000_SalesFinancingReportableSegmentsMember_label" xlink:arcrole="http://www.xbrl.org/2003/arcrole/concept-label" order="1" />
    <link:labelArc xlink:type="arc" xlink:from="jpcrp040300-q2r_E02142-000_SpecialAdditionToRetirementBenefitsEL" xlink:to="jpcrp040300-q2r_E02142-000_SpecialAdditionToRetirementBenefitsEL_label_1" xlink:arcrole="http://www.xbrl.org/2003/arcrole/concept-label" order="1" />
    <link:labelArc xlink:type="arc" xlink:from="jpcrp040300-q2r_E02142-000_SpecialAdditionToRetirementBenefitsEL" xlink:to="jpcrp040300-q2r_E02142-000_SpecialAdditionToRetirementBenefitsEL_label" xlink:arcrole="http://www.xbrl.org/2003/arcrole/concept-label" order="1" />
  </link:labelLink>
</link:linkbase>