﻿<?xml version="1.0" encoding="utf-8"?>
<!-- Edited with XiRUTE .NET Library 01-08 -->
<link:linkbase xmlns:xlink="http://www.w3.org/1999/xlink" xmlns:xsi="http://www.w3.org/2001/XMLSchema-instance" xmlns:link="http://www.xbrl.org/2003/linkbase">
  <link:labelLink xlink:type="extended" xlink:role="http://www.xbrl.org/2003/role/link">
    <link:label xml:lang="en" xlink:type="resource" xlink:label="jpcrp040300-q1r_E02142-000_AdjustmentForRevaluationOfTheAccountsOfTheConsolidatedSubsidiariesBasedOnGeneralPriceLevelAccountingOCI_label" xlink:role="http://www.xbrl.org/2003/role/label">Adjustment for revaluation of the accounts of the consolidated subsidiaries based on general price level accounting</link:label>
    <link:label xml:lang="en" xlink:type="resource" xlink:label="jpcrp040300-q1r_E02142-000_AdjustmentForRevaluationOfTheAccountsOfTheConsolidatedSubsidiariesBasedOnGeneralPriceLevelAccountingOCI_label_1" xlink:role="http://www.xbrl.org/2003/role/verboseLabel">Adjustment for revaluation of the accounts of the consolidated subsidiaries based on general price level accounting-OCI</link:label>
    <link:label xml:lang="en" xlink:type="resource" xlink:label="jpcrp040300-q1r_E02142-000_AdjustmentForRevaluationOfTheAccountsOfTheConsolidatedSubsidiariesBasedOnGeneralPriceLevelAccountingVTA_label" xlink:role="http://www.xbrl.org/2003/role/label">Adjustment for revaluation of the accounts of the consolidated subsidiaries based on general price level accounting</link:label>
    <link:label xml:lang="en" xlink:type="resource" xlink:label="jpcrp040300-q1r_E02142-000_AdjustmentForRevaluationOfTheAccountsOfTheConsolidatedSubsidiariesBasedOnGeneralPriceLevelAccountingVTA_label_1" xlink:role="http://www.xbrl.org/2003/role/verboseLabel">Adjustment for revaluation of the accounts of the consolidated subsidiaries based on general price level accounting-VTA</link:label>
    <link:label xml:lang="en" xlink:type="resource" xlink:label="jpcrp040300-q1r_E02142-000_AmortizationLongTermPrepaidExpensesOpeCF_label_1" xlink:role="http://www.xbrl.org/2003/role/label">Amortization (long-term prepaid expenses)</link:label>
    <link:label xml:lang="en" xlink:type="resource" xlink:label="jpcrp040300-q1r_E02142-000_AmortizationLongTermPrepaidExpensesOpeCF_label_2" xlink:role="http://www.xbrl.org/2003/role/verboseLabel">Amortization (long-term prepaid expenses)-OpeCF</link:label>
    <link:label xml:lang="en" xlink:type="resource" xlink:label="jpcrp040300-q1r_E02142-000_AmortizationLongTermPrepaidExpensesOpeCF_label" xlink:role="http://www.xbrl.org/2003/role/documentation">Amortization (long-term prepaid expenses)-OpeCF</link:label>
    <link:label xml:lang="en" xlink:type="resource" xlink:label="jpcrp040300-q1r_E02142-000_ConstructionInProgressAutomobileReportableSegmentsMember_label" xlink:role="http://www.xbrl.org/2003/role/label">Construction in progress - automobile</link:label>
    <link:label xml:lang="en" xlink:type="resource" xlink:label="jpcrp040300-q1r_E02142-000_ConstructionInProgressAutomobileReportableSegmentsMember_label_1" xlink:role="http://www.xbrl.org/2003/role/verboseLabel">Construction in progress - automobile, Reportable segments[member]</link:label>
    <link:label xml:lang="en" xlink:type="resource" xlink:label="jpcrp040300-q1r_E02142-000_ContingentLiabilitiesTextBlock_label" xlink:role="http://www.xbrl.org/2003/role/label">Contingent liabilities</link:label>
    <link:label xml:lang="en" xlink:type="resource" xlink:label="jpcrp040300-q1r_E02142-000_ContingentLiabilitiesTextBlock_label_1" xlink:role="http://www.xbrl.org/2003/role/verboseLabel">Contingent liabilities [text block]</link:label>
    <link:label xml:lang="en" xlink:type="resource" xlink:label="jpcrp040300-q1r_E02142-000_CreditLiquidationCostsNOE_label" xlink:role="http://www.xbrl.org/2003/role/label">Credit liquidation costs</link:label>
    <link:label xml:lang="en" xlink:type="resource" xlink:label="jpcrp040300-q1r_E02142-000_CreditLiquidationCostsNOE_label_1" xlink:role="http://www.xbrl.org/2003/role/verboseLabel">Credit liquidation costs-NOE</link:label>
    <link:label xml:lang="en" xlink:type="resource" xlink:label="jpcrp040300-q1r_E02142-000_DecreaseIncreaseInSalesFinanceReceivablesOpeCF_label_1" xlink:role="http://www.xbrl.org/2003/role/label">Decrease (increase) in sales finance receivables</link:label>
    <link:label xml:lang="en" xlink:type="resource" xlink:label="jpcrp040300-q1r_E02142-000_DecreaseIncreaseInSalesFinanceReceivablesOpeCF_label_2" xlink:role="http://www.xbrl.org/2003/role/verboseLabel">Decrease (increase) in sales finance receivables-OpeCF</link:label>
    <link:label xml:lang="en" xlink:type="resource" xlink:label="jpcrp040300-q1r_E02142-000_DecreaseIncreaseInSalesFinanceReceivablesOpeCF_label" xlink:role="http://www.xbrl.org/2003/role/documentation">Decrease (increase) in sales finance receivables-OpeCF</link:label>
    <link:label xml:lang="en" xlink:type="resource" xlink:label="jpcrp040300-q1r_E02142-000_DepreciationAndAmortizationFixedAssetsExcludingLeasedVehiclesOpeCF_label_1" xlink:role="http://www.xbrl.org/2003/role/label">Depreciation and amortization (fixed assets excluding leased vehicles)</link:label>
    <link:label xml:lang="en" xlink:type="resource" xlink:label="jpcrp040300-q1r_E02142-000_DepreciationAndAmortizationFixedAssetsExcludingLeasedVehiclesOpeCF_label_2" xlink:role="http://www.xbrl.org/2003/role/verboseLabel">Depreciation and amortization (fixed assets excluding leased vehicles)-OpeCF</link:label>
    <link:label xml:lang="en" xlink:type="resource" xlink:label="jpcrp040300-q1r_E02142-000_DepreciationAndAmortizationFixedAssetsExcludingLeasedVehiclesOpeCF_label" xlink:role="http://www.xbrl.org/2003/role/documentation">Depreciation and amortization (fixed assets excluding leased vehicles)-OpeCF</link:label>
    <link:label xml:lang="en" xlink:type="resource" xlink:label="jpcrp040300-q1r_E02142-000_DepreciationAndAmortizationForLeasedVehiclesOpeCF_label_1" xlink:role="http://www.xbrl.org/2003/role/label">Depreciation and amortization (for leased vehicles)</link:label>
    <link:label xml:lang="en" xlink:type="resource" xlink:label="jpcrp040300-q1r_E02142-000_DepreciationAndAmortizationForLeasedVehiclesOpeCF_label_2" xlink:role="http://www.xbrl.org/2003/role/verboseLabel">Depreciation and amortization (for leased vehicles)-OpeCF</link:label>
    <link:label xml:lang="en" xlink:type="resource" xlink:label="jpcrp040300-q1r_E02142-000_DepreciationAndAmortizationForLeasedVehiclesOpeCF_label" xlink:role="http://www.xbrl.org/2003/role/documentation">Depreciation and amortization (for leased vehicles)-OpeCF</link:label>
    <link:label xml:lang="en" xlink:type="resource" xlink:label="jpcrp040300-q1r_E02142-000_DerivativeIncomeNOI_label_1" xlink:role="http://www.xbrl.org/2003/role/label">Derivative income</link:label>
    <link:label xml:lang="en" xlink:type="resource" xlink:label="jpcrp040300-q1r_E02142-000_DerivativeIncomeNOI_label_2" xlink:role="http://www.xbrl.org/2003/role/verboseLabel">Derivative income-NOI</link:label>
    <link:label xml:lang="en" xlink:type="resource" xlink:label="jpcrp040300-q1r_E02142-000_DerivativeIncomeNOI_label" xlink:role="http://www.xbrl.org/2003/role/documentation">Derivative income-NOI</link:label>
    <link:label xml:lang="en" xlink:type="resource" xlink:label="jpcrp040300-q1r_E02142-000_DerivativeLossNOE_label_1" xlink:role="http://www.xbrl.org/2003/role/label">Derivative loss</link:label>
    <link:label xml:lang="en" xlink:type="resource" xlink:label="jpcrp040300-q1r_E02142-000_DerivativeLossNOE_label_2" xlink:role="http://www.xbrl.org/2003/role/verboseLabel">Derivative loss-NOE</link:label>
    <link:label xml:lang="en" xlink:type="resource" xlink:label="jpcrp040300-q1r_E02142-000_DerivativeLossNOE_label" xlink:role="http://www.xbrl.org/2003/role/documentation">Derivative loss-NOE</link:label>
    <link:label xml:lang="en" xlink:type="resource" xlink:label="jpcrp040300-q1r_E02142-000_EliminationOfInterSegmentTransactionsMember_label" xlink:role="http://www.xbrl.org/2003/role/label">Elimination of inter-segment transactions</link:label>
    <link:label xml:lang="en" xlink:type="resource" xlink:label="jpcrp040300-q1r_E02142-000_EliminationOfInterSegmentTransactionsMember_label_1" xlink:role="http://www.xbrl.org/2003/role/verboseLabel">Elimination of inter-segment transactions [member]</link:label>
    <link:label xml:lang="en" xlink:type="resource" xlink:label="jpcrp040300-q1r_E02142-000_LossForRevaluationOfTheAccountsBasedOnGeneralPriceLevelAccountingNOE_label" xlink:role="http://www.xbrl.org/2003/role/label">Loss for revaluation of the accounts based on general price level accounting</link:label>
    <link:label xml:lang="en" xlink:type="resource" xlink:label="jpcrp040300-q1r_E02142-000_LossForRevaluationOfTheAccountsBasedOnGeneralPriceLevelAccountingNOE_label_1" xlink:role="http://www.xbrl.org/2003/role/verboseLabel">Loss for revaluation of the accounts based on general price level accounting-NOE</link:label>
    <link:label xml:lang="en" xlink:type="resource" xlink:label="jpcrp040300-q1r_E02142-000_NetDecreaseIncreaseInRestrictedCashInvCF_label_1" xlink:role="http://www.xbrl.org/2003/role/label">Net decrease (increase) in restricted cash</link:label>
    <link:label xml:lang="en" xlink:type="resource" xlink:label="jpcrp040300-q1r_E02142-000_NetDecreaseIncreaseInRestrictedCashInvCF_label_2" xlink:role="http://www.xbrl.org/2003/role/verboseLabel">Net decrease (increase) in restricted cash-InvCF</link:label>
    <link:label xml:lang="en" xlink:type="resource" xlink:label="jpcrp040300-q1r_E02142-000_NetDecreaseIncreaseInRestrictedCashInvCF_label" xlink:role="http://www.xbrl.org/2003/role/documentation">Net decrease (increase) in restricted cash-InvCF</link:label>
    <link:label xml:lang="en" xlink:type="resource" xlink:label="jpcrp040300-q1r_E02142-000_NetDecreaseIncreaseInShortTermInvestmentsInvCF_label_1" xlink:role="http://www.xbrl.org/2003/role/label">Net decrease (increase) in short-term investments</link:label>
    <link:label xml:lang="en" xlink:type="resource" xlink:label="jpcrp040300-q1r_E02142-000_NetDecreaseIncreaseInShortTermInvestmentsInvCF_label_2" xlink:role="http://www.xbrl.org/2003/role/verboseLabel">Net decrease (increase) in short-term investments-InvCF</link:label>
    <link:label xml:lang="en" xlink:type="resource" xlink:label="jpcrp040300-q1r_E02142-000_NetDecreaseIncreaseInShortTermInvestmentsInvCF_label" xlink:role="http://www.xbrl.org/2003/role/documentation">Net decrease (increase) in short-term investments-InvCF</link:label>
    <link:label xml:lang="en" xlink:type="resource" xlink:label="jpcrp040300-q1r_E02142-000_NotesCoverPageTextBlock_label" xlink:role="http://www.xbrl.org/2003/role/label">Notes</link:label>
    <link:label xml:lang="en" xlink:type="resource" xlink:label="jpcrp040300-q1r_E02142-000_NotesCoverPageTextBlock_label_1" xlink:role="http://www.xbrl.org/2003/role/verboseLabel">Notes, Cover page [text block]</link:label>
    <link:label xml:lang="en" xlink:type="resource" xlink:label="jpcrp040300-q1r_E02142-000_NotesRegardingMachineryEquipmentAndVehiclesNetTextBlock_label" xlink:role="http://www.xbrl.org/2003/role/label">Notes regarding machinery, equipment and vehicles, net</link:label>
    <link:label xml:lang="en" xlink:type="resource" xlink:label="jpcrp040300-q1r_E02142-000_NotesRegardingMachineryEquipmentAndVehiclesNetTextBlock_label_1" xlink:role="http://www.xbrl.org/2003/role/verboseLabel">Notes regarding machinery, equipment and vehicles, net [text block]</link:label>
    <link:label xml:lang="en" xlink:type="resource" xlink:label="jpcrp040300-q1r_E02142-000_OtherSellingExpenseSGA_label" xlink:role="http://www.xbrl.org/2003/role/label">Other selling expense</link:label>
    <link:label xml:lang="en" xlink:type="resource" xlink:label="jpcrp040300-q1r_E02142-000_OtherSellingExpenseSGA_label_1" xlink:role="http://www.xbrl.org/2003/role/verboseLabel">Other selling expense-SGA</link:label>
    <link:label xml:lang="en" xlink:type="resource" xlink:label="jpcrp040300-q1r_E02142-000_PaymentsRelatedToNetDefinedBenefitAssetAndLiabilityOpeCF_label" xlink:role="http://www.xbrl.org/2003/role/label">Payments related to net defined benefit asset and liability</link:label>
    <link:label xml:lang="en" xlink:type="resource" xlink:label="jpcrp040300-q1r_E02142-000_PaymentsRelatedToNetDefinedBenefitAssetAndLiabilityOpeCF_label_1" xlink:role="http://www.xbrl.org/2003/role/verboseLabel">Payments related to net defined benefit asset and liability-OpeCF</link:label>
    <link:label xml:lang="en" xlink:type="resource" xlink:label="jpcrp040300-q1r_E02142-000_ProceedsFromSalesOfLeasedVehiclesInvCF_label_1" xlink:role="http://www.xbrl.org/2003/role/label">Proceeds from sales of leased vehicles</link:label>
    <link:label xml:lang="en" xlink:type="resource" xlink:label="jpcrp040300-q1r_E02142-000_ProceedsFromSalesOfLeasedVehiclesInvCF_label_2" xlink:role="http://www.xbrl.org/2003/role/verboseLabel">Proceeds from sales of leased vehicles-InvCF</link:label>
    <link:label xml:lang="en" xlink:type="resource" xlink:label="jpcrp040300-q1r_E02142-000_ProceedsFromSalesOfLeasedVehiclesInvCF_label" xlink:role="http://www.xbrl.org/2003/role/documentation">Proceeds from sales of leased vehicles-InvCF</link:label>
    <link:label xml:lang="en" xlink:type="resource" xlink:label="jpcrp040300-q1r_E02142-000_PurchasesOfLeasedVehiclesInvCF_label_1" xlink:role="http://www.xbrl.org/2003/role/label">Purchases of leased vehicles</link:label>
    <link:label xml:lang="en" xlink:type="resource" xlink:label="jpcrp040300-q1r_E02142-000_PurchasesOfLeasedVehiclesInvCF_label_2" xlink:role="http://www.xbrl.org/2003/role/verboseLabel">Purchases of leased vehicles-InvCF</link:label>
    <link:label xml:lang="en" xlink:type="resource" xlink:label="jpcrp040300-q1r_E02142-000_PurchasesOfLeasedVehiclesInvCF_label" xlink:role="http://www.xbrl.org/2003/role/documentation">Purchases of leased vehicles-InvCF</link:label>
    <link:label xml:lang="en" xlink:type="resource" xlink:label="jpcrp040300-q1r_E02142-000_SalesFinanceReceivableCA_label_1" xlink:role="http://www.xbrl.org/2003/role/label">Sales finance receivable</link:label>
    <link:label xml:lang="en" xlink:type="resource" xlink:label="jpcrp040300-q1r_E02142-000_SalesFinanceReceivableCA_label_2" xlink:role="http://www.xbrl.org/2003/role/verboseLabel">Sales finance receivable-CA</link:label>
    <link:label xml:lang="en" xlink:type="resource" xlink:label="jpcrp040300-q1r_E02142-000_SalesFinanceReceivableCA_label" xlink:role="http://www.xbrl.org/2003/role/documentation">Sales finance receivable-CA</link:label>
    <link:label xml:lang="en" xlink:type="resource" xlink:label="jpcrp040300-q1r_E02142-000_SalesFinanceReportableSegmentsMember_label" xlink:role="http://www.xbrl.org/2003/role/label">Sales finance</link:label>
    <link:label xml:lang="en" xlink:type="resource" xlink:label="jpcrp040300-q1r_E02142-000_SalesFinanceReportableSegmentsMember_label_1" xlink:role="http://www.xbrl.org/2003/role/verboseLabel">Sales finance, Reportable segments[member]</link:label>
    <link:label xml:lang="en" xlink:type="resource" xlink:label="jpcrp040300-q1r_E02142-000_SpecialAdditionToRetirementBenefitsEL_label_1" xlink:role="http://www.xbrl.org/2003/role/label">Special addition to retirement benefits</link:label>
    <link:label xml:lang="en" xlink:type="resource" xlink:label="jpcrp040300-q1r_E02142-000_SpecialAdditionToRetirementBenefitsEL_label_2" xlink:role="http://www.xbrl.org/2003/role/verboseLabel">Special addition to retirement benefits-EL</link:label>
    <link:label xml:lang="en" xlink:type="resource" xlink:label="jpcrp040300-q1r_E02142-000_SpecialAdditionToRetirementBenefitsEL_label" xlink:role="http://www.xbrl.org/2003/role/documentation">Special addition to retirement benefits-EL</link:label>
    <link:label xml:lang="en" xlink:type="resource" xlink:label="jpcrp040300-q1r_E02142-000_YearToQuarterEndHeading_label" xlink:role="http://www.xbrl.org/2003/role/label">Year to quarter end</link:label>
    <link:label xml:lang="en" xlink:type="resource" xlink:label="jpcrp040300-q1r_E02142-000_YearToQuarterEndHeading_label_1" xlink:role="http://www.xbrl.org/2003/role/verboseLabel">Year to quarter end [heading]</link:label>
    <link:loc xlink:type="locator" xlink:href="jpcrp040300-q1r-001_E02142-000_2019-06-30_01_2019-07-29.xsd#jpcrp040300-q1r_E02142-000_AdjustmentForRevaluationOfTheAccountsOfTheConsolidatedSubsidiariesBasedOnGeneralPriceLevelAccountingOCI" xlink:label="jpcrp040300-q1r_E02142-000_AdjustmentForRevaluationOfTheAccountsOfTheConsolidatedSubsidiariesBasedOnGeneralPriceLevelAccountingOCI" />
    <link:loc xlink:type="locator" xlink:href="jpcrp040300-q1r-001_E02142-000_2019-06-30_01_2019-07-29.xsd#jpcrp040300-q1r_E02142-000_AdjustmentForRevaluationOfTheAccountsOfTheConsolidatedSubsidiariesBasedOnGeneralPriceLevelAccountingVTA" xlink:label="jpcrp040300-q1r_E02142-000_AdjustmentForRevaluationOfTheAccountsOfTheConsolidatedSubsidiariesBasedOnGeneralPriceLevelAccountingVTA" />
    <link:loc xlink:type="locator" xlink:href="jpcrp040300-q1r-001_E02142-000_2019-06-30_01_2019-07-29.xsd#jpcrp040300-q1r_E02142-000_AmortizationLongTermPrepaidExpensesOpeCF" xlink:label="jpcrp040300-q1r_E02142-000_AmortizationLongTermPrepaidExpensesOpeCF" />
    <link:loc xlink:type="locator" xlink:href="jpcrp040300-q1r-001_E02142-000_2019-06-30_01_2019-07-29.xsd#jpcrp040300-q1r_E02142-000_ConstructionInProgressAutomobileReportableSegmentsMember" xlink:label="jpcrp040300-q1r_E02142-000_ConstructionInProgressAutomobileReportableSegmentsMember" />
    <link:loc xlink:type="locator" xlink:href="jpcrp040300-q1r-001_E02142-000_2019-06-30_01_2019-07-29.xsd#jpcrp040300-q1r_E02142-000_ContingentLiabilitiesTextBlock" xlink:label="jpcrp040300-q1r_E02142-000_ContingentLiabilitiesTextBlock" />
    <link:loc xlink:type="locator" xlink:href="jpcrp040300-q1r-001_E02142-000_2019-06-30_01_2019-07-29.xsd#jpcrp040300-q1r_E02142-000_CreditLiquidationCostsNOE" xlink:label="jpcrp040300-q1r_E02142-000_CreditLiquidationCostsNOE" />
    <link:loc xlink:type="locator" xlink:href="jpcrp040300-q1r-001_E02142-000_2019-06-30_01_2019-07-29.xsd#jpcrp040300-q1r_E02142-000_DecreaseIncreaseInSalesFinanceReceivablesOpeCF" xlink:label="jpcrp040300-q1r_E02142-000_DecreaseIncreaseInSalesFinanceReceivablesOpeCF" />
    <link:loc xlink:type="locator" xlink:href="jpcrp040300-q1r-001_E02142-000_2019-06-30_01_2019-07-29.xsd#jpcrp040300-q1r_E02142-000_DepreciationAndAmortizationFixedAssetsExcludingLeasedVehiclesOpeCF" xlink:label="jpcrp040300-q1r_E02142-000_DepreciationAndAmortizationFixedAssetsExcludingLeasedVehiclesOpeCF" />
    <link:loc xlink:type="locator" xlink:href="jpcrp040300-q1r-001_E02142-000_2019-06-30_01_2019-07-29.xsd#jpcrp040300-q1r_E02142-000_DepreciationAndAmortizationForLeasedVehiclesOpeCF" xlink:label="jpcrp040300-q1r_E02142-000_DepreciationAndAmortizationForLeasedVehiclesOpeCF" />
    <link:loc xlink:type="locator" xlink:href="jpcrp040300-q1r-001_E02142-000_2019-06-30_01_2019-07-29.xsd#jpcrp040300-q1r_E02142-000_DerivativeIncomeNOI" xlink:label="jpcrp040300-q1r_E02142-000_DerivativeIncomeNOI" />
    <link:loc xlink:type="locator" xlink:href="jpcrp040300-q1r-001_E02142-000_2019-06-30_01_2019-07-29.xsd#jpcrp040300-q1r_E02142-000_DerivativeLossNOE" xlink:label="jpcrp040300-q1r_E02142-000_DerivativeLossNOE" />
    <link:loc xlink:type="locator" xlink:href="jpcrp040300-q1r-001_E02142-000_2019-06-30_01_2019-07-29.xsd#jpcrp040300-q1r_E02142-000_EliminationOfInterSegmentTransactionsMember" xlink:label="jpcrp040300-q1r_E02142-000_EliminationOfInterSegmentTransactionsMember" />
    <link:loc xlink:type="locator" xlink:href="jpcrp040300-q1r-001_E02142-000_2019-06-30_01_2019-07-29.xsd#jpcrp040300-q1r_E02142-000_LossForRevaluationOfTheAccountsBasedOnGeneralPriceLevelAccountingNOE" xlink:label="jpcrp040300-q1r_E02142-000_LossForRevaluationOfTheAccountsBasedOnGeneralPriceLevelAccountingNOE" />
    <link:loc xlink:type="locator" xlink:href="jpcrp040300-q1r-001_E02142-000_2019-06-30_01_2019-07-29.xsd#jpcrp040300-q1r_E02142-000_NetDecreaseIncreaseInRestrictedCashInvCF" xlink:label="jpcrp040300-q1r_E02142-000_NetDecreaseIncreaseInRestrictedCashInvCF" />
    <link:loc xlink:type="locator" xlink:href="jpcrp040300-q1r-001_E02142-000_2019-06-30_01_2019-07-29.xsd#jpcrp040300-q1r_E02142-000_NetDecreaseIncreaseInShortTermInvestmentsInvCF" xlink:label="jpcrp040300-q1r_E02142-000_NetDecreaseIncreaseInShortTermInvestmentsInvCF" />
    <link:loc xlink:type="locator" xlink:href="jpcrp040300-q1r-001_E02142-000_2019-06-30_01_2019-07-29.xsd#jpcrp040300-q1r_E02142-000_NotesCoverPageTextBlock" xlink:label="jpcrp040300-q1r_E02142-000_NotesCoverPageTextBlock" />
    <link:loc xlink:type="locator" xlink:href="jpcrp040300-q1r-001_E02142-000_2019-06-30_01_2019-07-29.xsd#jpcrp040300-q1r_E02142-000_NotesRegardingMachineryEquipmentAndVehiclesNetTextBlock" xlink:label="jpcrp040300-q1r_E02142-000_NotesRegardingMachineryEquipmentAndVehiclesNetTextBlock" />
    <link:loc xlink:type="locator" xlink:href="jpcrp040300-q1r-001_E02142-000_2019-06-30_01_2019-07-29.xsd#jpcrp040300-q1r_E02142-000_OtherSellingExpenseSGA" xlink:label="jpcrp040300-q1r_E02142-000_OtherSellingExpenseSGA" />
    <link:loc xlink:type="locator" xlink:href="jpcrp040300-q1r-001_E02142-000_2019-06-30_01_2019-07-29.xsd#jpcrp040300-q1r_E02142-000_PaymentsRelatedToNetDefinedBenefitAssetAndLiabilityOpeCF" xlink:label="jpcrp040300-q1r_E02142-000_PaymentsRelatedToNetDefinedBenefitAssetAndLiabilityOpeCF" />
    <link:loc xlink:type="locator" xlink:href="jpcrp040300-q1r-001_E02142-000_2019-06-30_01_2019-07-29.xsd#jpcrp040300-q1r_E02142-000_ProceedsFromSalesOfLeasedVehiclesInvCF" xlink:label="jpcrp040300-q1r_E02142-000_ProceedsFromSalesOfLeasedVehiclesInvCF" />
    <link:loc xlink:type="locator" xlink:href="jpcrp040300-q1r-001_E02142-000_2019-06-30_01_2019-07-29.xsd#jpcrp040300-q1r_E02142-000_PurchasesOfLeasedVehiclesInvCF" xlink:label="jpcrp040300-q1r_E02142-000_PurchasesOfLeasedVehiclesInvCF" />
    <link:loc xlink:type="locator" xlink:href="jpcrp040300-q1r-001_E02142-000_2019-06-30_01_2019-07-29.xsd#jpcrp040300-q1r_E02142-000_SalesFinanceReceivableCA" xlink:label="jpcrp040300-q1r_E02142-000_SalesFinanceReceivableCA" />
    <link:loc xlink:type="locator" xlink:href="jpcrp040300-q1r-001_E02142-000_2019-06-30_01_2019-07-29.xsd#jpcrp040300-q1r_E02142-000_SalesFinanceReportableSegmentsMember" xlink:label="jpcrp040300-q1r_E02142-000_SalesFinanceReportableSegmentsMember" />
    <link:loc xlink:type="locator" xlink:href="jpcrp040300-q1r-001_E02142-000_2019-06-30_01_2019-07-29.xsd#jpcrp040300-q1r_E02142-000_SpecialAdditionToRetirementBenefitsEL" xlink:label="jpcrp040300-q1r_E02142-000_SpecialAdditionToRetirementBenefitsEL" />
    <link:loc xlink:type="locator" xlink:href="jpcrp040300-q1r-001_E02142-000_2019-06-30_01_2019-07-29.xsd#jpcrp040300-q1r_E02142-000_YearToQuarterEndHeading" xlink:label="jpcrp040300-q1r_E02142-000_YearToQuarterEndHeading" />
    <link:labelArc xlink:type="arc" xlink:from="jpcrp040300-q1r_E02142-000_AdjustmentForRevaluationOfTheAccountsOfTheConsolidatedSubsidiariesBasedOnGeneralPriceLevelAccountingOCI" xlink:to="jpcrp040300-q1r_E02142-000_AdjustmentForRevaluationOfTheAccountsOfTheConsolidatedSubsidiariesBasedOnGeneralPriceLevelAccountingOCI_label_1" xlink:arcrole="http://www.xbrl.org/2003/arcrole/concept-label" order="1" />
    <link:labelArc xlink:type="arc" xlink:from="jpcrp040300-q1r_E02142-000_AdjustmentForRevaluationOfTheAccountsOfTheConsolidatedSubsidiariesBasedOnGeneralPriceLevelAccountingOCI" xlink:to="jpcrp040300-q1r_E02142-000_AdjustmentForRevaluationOfTheAccountsOfTheConsolidatedSubsidiariesBasedOnGeneralPriceLevelAccountingOCI_label" xlink:arcrole="http://www.xbrl.org/2003/arcrole/concept-label" order="1" />
    <link:labelArc xlink:type="arc" xlink:from="jpcrp040300-q1r_E02142-000_AdjustmentForRevaluationOfTheAccountsOfTheConsolidatedSubsidiariesBasedOnGeneralPriceLevelAccountingVTA" xlink:to="jpcrp040300-q1r_E02142-000_AdjustmentForRevaluationOfTheAccountsOfTheConsolidatedSubsidiariesBasedOnGeneralPriceLevelAccountingVTA_label_1" xlink:arcrole="http://www.xbrl.org/2003/arcrole/concept-label" order="1" />
    <link:labelArc xlink:type="arc" xlink:from="jpcrp040300-q1r_E02142-000_AdjustmentForRevaluationOfTheAccountsOfTheConsolidatedSubsidiariesBasedOnGeneralPriceLevelAccountingVTA" xlink:to="jpcrp040300-q1r_E02142-000_AdjustmentForRevaluationOfTheAccountsOfTheConsolidatedSubsidiariesBasedOnGeneralPriceLevelAccountingVTA_label" xlink:arcrole="http://www.xbrl.org/2003/arcrole/concept-label" order="1" />
    <link:labelArc xlink:type="arc" xlink:from="jpcrp040300-q1r_E02142-000_AmortizationLongTermPrepaidExpensesOpeCF" xlink:to="jpcrp040300-q1r_E02142-000_AmortizationLongTermPrepaidExpensesOpeCF_label_2" xlink:arcrole="http://www.xbrl.org/2003/arcrole/concept-label" order="1" />
    <link:labelArc xlink:type="arc" xlink:from="jpcrp040300-q1r_E02142-000_AmortizationLongTermPrepaidExpensesOpeCF" xlink:to="jpcrp040300-q1r_E02142-000_AmortizationLongTermPrepaidExpensesOpeCF_label_1" xlink:arcrole="http://www.xbrl.org/2003/arcrole/concept-label" order="1" />
    <link:labelArc xlink:type="arc" xlink:from="jpcrp040300-q1r_E02142-000_AmortizationLongTermPrepaidExpensesOpeCF" xlink:to="jpcrp040300-q1r_E02142-000_AmortizationLongTermPrepaidExpensesOpeCF_label" xlink:arcrole="http://www.xbrl.org/2003/arcrole/concept-label" order="1" />
    <link:labelArc xlink:type="arc" xlink:from="jpcrp040300-q1r_E02142-000_ConstructionInProgressAutomobileReportableSegmentsMember" xlink:to="jpcrp040300-q1r_E02142-000_ConstructionInProgressAutomobileReportableSegmentsMember_label_1" xlink:arcrole="http://www.xbrl.org/2003/arcrole/concept-label" order="1" />
    <link:labelArc xlink:type="arc" xlink:from="jpcrp040300-q1r_E02142-000_ConstructionInProgressAutomobileReportableSegmentsMember" xlink:to="jpcrp040300-q1r_E02142-000_ConstructionInProgressAutomobileReportableSegmentsMember_label" xlink:arcrole="http://www.xbrl.org/2003/arcrole/concept-label" order="1" />
    <link:labelArc xlink:type="arc" xlink:from="jpcrp040300-q1r_E02142-000_ContingentLiabilitiesTextBlock" xlink:to="jpcrp040300-q1r_E02142-000_ContingentLiabilitiesTextBlock_label_1" xlink:arcrole="http://www.xbrl.org/2003/arcrole/concept-label" order="1" />
    <link:labelArc xlink:type="arc" xlink:from="jpcrp040300-q1r_E02142-000_ContingentLiabilitiesTextBlock" xlink:to="jpcrp040300-q1r_E02142-000_ContingentLiabilitiesTextBlock_label" xlink:arcrole="http://www.xbrl.org/2003/arcrole/concept-label" order="1" />
    <link:labelArc xlink:type="arc" xlink:from="jpcrp040300-q1r_E02142-000_CreditLiquidationCostsNOE" xlink:to="jpcrp040300-q1r_E02142-000_CreditLiquidationCostsNOE_label_1" xlink:arcrole="http://www.xbrl.org/2003/arcrole/concept-label" order="1" />
    <link:labelArc xlink:type="arc" xlink:from="jpcrp040300-q1r_E02142-000_CreditLiquidationCostsNOE" xlink:to="jpcrp040300-q1r_E02142-000_CreditLiquidationCostsNOE_label" xlink:arcrole="http://www.xbrl.org/2003/arcrole/concept-label" order="1" />
    <link:labelArc xlink:type="arc" xlink:from="jpcrp040300-q1r_E02142-000_DecreaseIncreaseInSalesFinanceReceivablesOpeCF" xlink:to="jpcrp040300-q1r_E02142-000_DecreaseIncreaseInSalesFinanceReceivablesOpeCF_label_2" xlink:arcrole="http://www.xbrl.org/2003/arcrole/concept-label" order="1" />
    <link:labelArc xlink:type="arc" xlink:from="jpcrp040300-q1r_E02142-000_DecreaseIncreaseInSalesFinanceReceivablesOpeCF" xlink:to="jpcrp040300-q1r_E02142-000_DecreaseIncreaseInSalesFinanceReceivablesOpeCF_label_1" xlink:arcrole="http://www.xbrl.org/2003/arcrole/concept-label" order="1" />
    <link:labelArc xlink:type="arc" xlink:from="jpcrp040300-q1r_E02142-000_DecreaseIncreaseInSalesFinanceReceivablesOpeCF" xlink:to="jpcrp040300-q1r_E02142-000_DecreaseIncreaseInSalesFinanceReceivablesOpeCF_label" xlink:arcrole="http://www.xbrl.org/2003/arcrole/concept-label" order="1" />
    <link:labelArc xlink:type="arc" xlink:from="jpcrp040300-q1r_E02142-000_DepreciationAndAmortizationFixedAssetsExcludingLeasedVehiclesOpeCF" xlink:to="jpcrp040300-q1r_E02142-000_DepreciationAndAmortizationFixedAssetsExcludingLeasedVehiclesOpeCF_label_2" xlink:arcrole="http://www.xbrl.org/2003/arcrole/concept-label" order="1" />
    <link:labelArc xlink:type="arc" xlink:from="jpcrp040300-q1r_E02142-000_DepreciationAndAmortizationFixedAssetsExcludingLeasedVehiclesOpeCF" xlink:to="jpcrp040300-q1r_E02142-000_DepreciationAndAmortizationFixedAssetsExcludingLeasedVehiclesOpeCF_label_1" xlink:arcrole="http://www.xbrl.org/2003/arcrole/concept-label" order="1" />
    <link:labelArc xlink:type="arc" xlink:from="jpcrp040300-q1r_E02142-000_DepreciationAndAmortizationFixedAssetsExcludingLeasedVehiclesOpeCF" xlink:to="jpcrp040300-q1r_E02142-000_DepreciationAndAmortizationFixedAssetsExcludingLeasedVehiclesOpeCF_label" xlink:arcrole="http://www.xbrl.org/2003/arcrole/concept-label" order="1" />
    <link:labelArc xlink:type="arc" xlink:from="jpcrp040300-q1r_E02142-000_DepreciationAndAmortizationForLeasedVehiclesOpeCF" xlink:to="jpcrp040300-q1r_E02142-000_DepreciationAndAmortizationForLeasedVehiclesOpeCF_label_2" xlink:arcrole="http://www.xbrl.org/2003/arcrole/concept-label" order="1" />
    <link:labelArc xlink:type="arc" xlink:from="jpcrp040300-q1r_E02142-000_DepreciationAndAmortizationForLeasedVehiclesOpeCF" xlink:to="jpcrp040300-q1r_E02142-000_DepreciationAndAmortizationForLeasedVehiclesOpeCF_label_1" xlink:arcrole="http://www.xbrl.org/2003/arcrole/concept-label" order="1" />
    <link:labelArc xlink:type="arc" xlink:from="jpcrp040300-q1r_E02142-000_DepreciationAndAmortizationForLeasedVehiclesOpeCF" xlink:to="jpcrp040300-q1r_E02142-000_DepreciationAndAmortizationForLeasedVehiclesOpeCF_label" xlink:arcrole="http://www.xbrl.org/2003/arcrole/concept-label" order="1" />
    <link:labelArc xlink:type="arc" xlink:from="jpcrp040300-q1r_E02142-000_DerivativeIncomeNOI" xlink:to="jpcrp040300-q1r_E02142-000_DerivativeIncomeNOI_label_2" xlink:arcrole="http://www.xbrl.org/2003/arcrole/concept-label" order="1" />
    <link:labelArc xlink:type="arc" xlink:from="jpcrp040300-q1r_E02142-000_DerivativeIncomeNOI" xlink:to="jpcrp040300-q1r_E02142-000_DerivativeIncomeNOI_label_1" xlink:arcrole="http://www.xbrl.org/2003/arcrole/concept-label" order="1" />
    <link:labelArc xlink:type="arc" xlink:from="jpcrp040300-q1r_E02142-000_DerivativeIncomeNOI" xlink:to="jpcrp040300-q1r_E02142-000_DerivativeIncomeNOI_label" xlink:arcrole="http://www.xbrl.org/2003/arcrole/concept-label" order="1" />
    <link:labelArc xlink:type="arc" xlink:from="jpcrp040300-q1r_E02142-000_DerivativeLossNOE" xlink:to="jpcrp040300-q1r_E02142-000_DerivativeLossNOE_label_2" xlink:arcrole="http://www.xbrl.org/2003/arcrole/concept-label" order="1" />
    <link:labelArc xlink:type="arc" xlink:from="jpcrp040300-q1r_E02142-000_DerivativeLossNOE" xlink:to="jpcrp040300-q1r_E02142-000_DerivativeLossNOE_label_1" xlink:arcrole="http://www.xbrl.org/2003/arcrole/concept-label" order="1" />
    <link:labelArc xlink:type="arc" xlink:from="jpcrp040300-q1r_E02142-000_DerivativeLossNOE" xlink:to="jpcrp040300-q1r_E02142-000_DerivativeLossNOE_label" xlink:arcrole="http://www.xbrl.org/2003/arcrole/concept-label" order="1" />
    <link:labelArc xlink:type="arc" xlink:from="jpcrp040300-q1r_E02142-000_EliminationOfInterSegmentTransactionsMember" xlink:to="jpcrp040300-q1r_E02142-000_EliminationOfInterSegmentTransactionsMember_label_1" xlink:arcrole="http://www.xbrl.org/2003/arcrole/concept-label" order="1" />
    <link:labelArc xlink:type="arc" xlink:from="jpcrp040300-q1r_E02142-000_EliminationOfInterSegmentTransactionsMember" xlink:to="jpcrp040300-q1r_E02142-000_EliminationOfInterSegmentTransactionsMember_label" xlink:arcrole="http://www.xbrl.org/2003/arcrole/concept-label" order="1" />
    <link:labelArc xlink:type="arc" xlink:from="jpcrp040300-q1r_E02142-000_LossForRevaluationOfTheAccountsBasedOnGeneralPriceLevelAccountingNOE" xlink:to="jpcrp040300-q1r_E02142-000_LossForRevaluationOfTheAccountsBasedOnGeneralPriceLevelAccountingNOE_label_1" xlink:arcrole="http://www.xbrl.org/2003/arcrole/concept-label" order="1" />
    <link:labelArc xlink:type="arc" xlink:from="jpcrp040300-q1r_E02142-000_LossForRevaluationOfTheAccountsBasedOnGeneralPriceLevelAccountingNOE" xlink:to="jpcrp040300-q1r_E02142-000_LossForRevaluationOfTheAccountsBasedOnGeneralPriceLevelAccountingNOE_label" xlink:arcrole="http://www.xbrl.org/2003/arcrole/concept-label" order="1" />
    <link:labelArc xlink:type="arc" xlink:from="jpcrp040300-q1r_E02142-000_NetDecreaseIncreaseInRestrictedCashInvCF" xlink:to="jpcrp040300-q1r_E02142-000_NetDecreaseIncreaseInRestrictedCashInvCF_label_2" xlink:arcrole="http://www.xbrl.org/2003/arcrole/concept-label" order="1" />
    <link:labelArc xlink:type="arc" xlink:from="jpcrp040300-q1r_E02142-000_NetDecreaseIncreaseInRestrictedCashInvCF" xlink:to="jpcrp040300-q1r_E02142-000_NetDecreaseIncreaseInRestrictedCashInvCF_label_1" xlink:arcrole="http://www.xbrl.org/2003/arcrole/concept-label" order="1" />
    <link:labelArc xlink:type="arc" xlink:from="jpcrp040300-q1r_E02142-000_NetDecreaseIncreaseInRestrictedCashInvCF" xlink:to="jpcrp040300-q1r_E02142-000_NetDecreaseIncreaseInRestrictedCashInvCF_label" xlink:arcrole="http://www.xbrl.org/2003/arcrole/concept-label" order="1" />
    <link:labelArc xlink:type="arc" xlink:from="jpcrp040300-q1r_E02142-000_NetDecreaseIncreaseInShortTermInvestmentsInvCF" xlink:to="jpcrp040300-q1r_E02142-000_NetDecreaseIncreaseInShortTermInvestmentsInvCF_label_2" xlink:arcrole="http://www.xbrl.org/2003/arcrole/concept-label" order="1" />
    <link:labelArc xlink:type="arc" xlink:from="jpcrp040300-q1r_E02142-000_NetDecreaseIncreaseInShortTermInvestmentsInvCF" xlink:to="jpcrp040300-q1r_E02142-000_NetDecreaseIncreaseInShortTermInvestmentsInvCF_label_1" xlink:arcrole="http://www.xbrl.org/2003/arcrole/concept-label" order="1" />
    <link:labelArc xlink:type="arc" xlink:from="jpcrp040300-q1r_E02142-000_NetDecreaseIncreaseInShortTermInvestmentsInvCF" xlink:to="jpcrp040300-q1r_E02142-000_NetDecreaseIncreaseInShortTermInvestmentsInvCF_label" xlink:arcrole="http://www.xbrl.org/2003/arcrole/concept-label" order="1" />
    <link:labelArc xlink:type="arc" xlink:from="jpcrp040300-q1r_E02142-000_NotesCoverPageTextBlock" xlink:to="jpcrp040300-q1r_E02142-000_NotesCoverPageTextBlock_label_1" xlink:arcrole="http://www.xbrl.org/2003/arcrole/concept-label" order="1" />
    <link:labelArc xlink:type="arc" xlink:from="jpcrp040300-q1r_E02142-000_NotesCoverPageTextBlock" xlink:to="jpcrp040300-q1r_E02142-000_NotesCoverPageTextBlock_label" xlink:arcrole="http://www.xbrl.org/2003/arcrole/concept-label" order="1" />
    <link:labelArc xlink:type="arc" xlink:from="jpcrp040300-q1r_E02142-000_NotesRegardingMachineryEquipmentAndVehiclesNetTextBlock" xlink:to="jpcrp040300-q1r_E02142-000_NotesRegardingMachineryEquipmentAndVehiclesNetTextBlock_label_1" xlink:arcrole="http://www.xbrl.org/2003/arcrole/concept-label" order="1" />
    <link:labelArc xlink:type="arc" xlink:from="jpcrp040300-q1r_E02142-000_NotesRegardingMachineryEquipmentAndVehiclesNetTextBlock" xlink:to="jpcrp040300-q1r_E02142-000_NotesRegardingMachineryEquipmentAndVehiclesNetTextBlock_label" xlink:arcrole="http://www.xbrl.org/2003/arcrole/concept-label" order="1" />
    <link:labelArc xlink:type="arc" xlink:from="jpcrp040300-q1r_E02142-000_OtherSellingExpenseSGA" xlink:to="jpcrp040300-q1r_E02142-000_OtherSellingExpenseSGA_label_1" xlink:arcrole="http://www.xbrl.org/2003/arcrole/concept-label" order="1" />
    <link:labelArc xlink:type="arc" xlink:from="jpcrp040300-q1r_E02142-000_OtherSellingExpenseSGA" xlink:to="jpcrp040300-q1r_E02142-000_OtherSellingExpenseSGA_label" xlink:arcrole="http://www.xbrl.org/2003/arcrole/concept-label" order="1" />
    <link:labelArc xlink:type="arc" xlink:from="jpcrp040300-q1r_E02142-000_PaymentsRelatedToNetDefinedBenefitAssetAndLiabilityOpeCF" xlink:to="jpcrp040300-q1r_E02142-000_PaymentsRelatedToNetDefinedBenefitAssetAndLiabilityOpeCF_label_1" xlink:arcrole="http://www.xbrl.org/2003/arcrole/concept-label" order="1" />
    <link:labelArc xlink:type="arc" xlink:from="jpcrp040300-q1r_E02142-000_PaymentsRelatedToNetDefinedBenefitAssetAndLiabilityOpeCF" xlink:to="jpcrp040300-q1r_E02142-000_PaymentsRelatedToNetDefinedBenefitAssetAndLiabilityOpeCF_label" xlink:arcrole="http://www.xbrl.org/2003/arcrole/concept-label" order="1" />
    <link:labelArc xlink:type="arc" xlink:from="jpcrp040300-q1r_E02142-000_ProceedsFromSalesOfLeasedVehiclesInvCF" xlink:to="jpcrp040300-q1r_E02142-000_ProceedsFromSalesOfLeasedVehiclesInvCF_label_2" xlink:arcrole="http://www.xbrl.org/2003/arcrole/concept-label" order="1" />
    <link:labelArc xlink:type="arc" xlink:from="jpcrp040300-q1r_E02142-000_ProceedsFromSalesOfLeasedVehiclesInvCF" xlink:to="jpcrp040300-q1r_E02142-000_ProceedsFromSalesOfLeasedVehiclesInvCF_label_1" xlink:arcrole="http://www.xbrl.org/2003/arcrole/concept-label" order="1" />
    <link:labelArc xlink:type="arc" xlink:from="jpcrp040300-q1r_E02142-000_ProceedsFromSalesOfLeasedVehiclesInvCF" xlink:to="jpcrp040300-q1r_E02142-000_ProceedsFromSalesOfLeasedVehiclesInvCF_label" xlink:arcrole="http://www.xbrl.org/2003/arcrole/concept-label" order="1" />
    <link:labelArc xlink:type="arc" xlink:from="jpcrp040300-q1r_E02142-000_PurchasesOfLeasedVehiclesInvCF" xlink:to="jpcrp040300-q1r_E02142-000_PurchasesOfLeasedVehiclesInvCF_label_2" xlink:arcrole="http://www.xbrl.org/2003/arcrole/concept-label" order="1" />
    <link:labelArc xlink:type="arc" xlink:from="jpcrp040300-q1r_E02142-000_PurchasesOfLeasedVehiclesInvCF" xlink:to="jpcrp040300-q1r_E02142-000_PurchasesOfLeasedVehiclesInvCF_label_1" xlink:arcrole="http://www.xbrl.org/2003/arcrole/concept-label" order="1" />
    <link:labelArc xlink:type="arc" xlink:from="jpcrp040300-q1r_E02142-000_PurchasesOfLeasedVehiclesInvCF" xlink:to="jpcrp040300-q1r_E02142-000_PurchasesOfLeasedVehiclesInvCF_label" xlink:arcrole="http://www.xbrl.org/2003/arcrole/concept-label" order="1" />
    <link:labelArc xlink:type="arc" xlink:from="jpcrp040300-q1r_E02142-000_SalesFinanceReceivableCA" xlink:to="jpcrp040300-q1r_E02142-000_SalesFinanceReceivableCA_label_2" xlink:arcrole="http://www.xbrl.org/2003/arcrole/concept-label" order="1" />
    <link:labelArc xlink:type="arc" xlink:from="jpcrp040300-q1r_E02142-000_SalesFinanceReceivableCA" xlink:to="jpcrp040300-q1r_E02142-000_SalesFinanceReceivableCA_label_1" xlink:arcrole="http://www.xbrl.org/2003/arcrole/concept-label" order="1" />
    <link:labelArc xlink:type="arc" xlink:from="jpcrp040300-q1r_E02142-000_SalesFinanceReceivableCA" xlink:to="jpcrp040300-q1r_E02142-000_SalesFinanceReceivableCA_label" xlink:arcrole="http://www.xbrl.org/2003/arcrole/concept-label" order="1" />
    <link:labelArc xlink:type="arc" xlink:from="jpcrp040300-q1r_E02142-000_SalesFinanceReportableSegmentsMember" xlink:to="jpcrp040300-q1r_E02142-000_SalesFinanceReportableSegmentsMember_label_1" xlink:arcrole="http://www.xbrl.org/2003/arcrole/concept-label" order="1" />
    <link:labelArc xlink:type="arc" xlink:from="jpcrp040300-q1r_E02142-000_SalesFinanceReportableSegmentsMember" xlink:to="jpcrp040300-q1r_E02142-000_SalesFinanceReportableSegmentsMember_label" xlink:arcrole="http://www.xbrl.org/2003/arcrole/concept-label" order="1" />
    <link:labelArc xlink:type="arc" xlink:from="jpcrp040300-q1r_E02142-000_SpecialAdditionToRetirementBenefitsEL" xlink:to="jpcrp040300-q1r_E02142-000_SpecialAdditionToRetirementBenefitsEL_label_2" xlink:arcrole="http://www.xbrl.org/2003/arcrole/concept-label" order="1" />
    <link:labelArc xlink:type="arc" xlink:from="jpcrp040300-q1r_E02142-000_SpecialAdditionToRetirementBenefitsEL" xlink:to="jpcrp040300-q1r_E02142-000_SpecialAdditionToRetirementBenefitsEL_label_1" xlink:arcrole="http://www.xbrl.org/2003/arcrole/concept-label" order="1" />
    <link:labelArc xlink:type="arc" xlink:from="jpcrp040300-q1r_E02142-000_SpecialAdditionToRetirementBenefitsEL" xlink:to="jpcrp040300-q1r_E02142-000_SpecialAdditionToRetirementBenefitsEL_label" xlink:arcrole="http://www.xbrl.org/2003/arcrole/concept-label" order="1" />
    <link:labelArc xlink:type="arc" xlink:from="jpcrp040300-q1r_E02142-000_YearToQuarterEndHeading" xlink:to="jpcrp040300-q1r_E02142-000_YearToQuarterEndHeading_label_1" xlink:arcrole="http://www.xbrl.org/2003/arcrole/concept-label" order="1" />
    <link:labelArc xlink:type="arc" xlink:from="jpcrp040300-q1r_E02142-000_YearToQuarterEndHeading" xlink:to="jpcrp040300-q1r_E02142-000_YearToQuarterEndHeading_label" xlink:arcrole="http://www.xbrl.org/2003/arcrole/concept-label" order="1" />
  </link:labelLink>
</link:linkbase>