﻿<?xml version="1.0" encoding="utf-8"?>
<!-- Edited with XiRUTE .NET Library 01-08 -->
<link:linkbase xmlns:xlink="http://www.w3.org/1999/xlink" xmlns:xsi="http://www.w3.org/2001/XMLSchema-instance" xmlns:link="http://www.xbrl.org/2003/linkbase">
  <link:labelLink xlink:type="extended" xlink:role="http://www.xbrl.org/2003/role/link">
    <link:label xml:lang="ja" xlink:type="resource" xlink:label="jpcrp040300-q1r_E02142-000_AdjustmentForRevaluationOfTheAccountsOfTheConsolidatedSubsidiariesBasedOnGeneralPriceLevelAccountingOCI_label" xlink:role="http://www.xbrl.org/2003/role/label">連結子会社の貨幣価値変動会計に基づく再評価積立金</link:label>
    <link:label xml:lang="ja" xlink:type="resource" xlink:label="jpcrp040300-q1r_E02142-000_AdjustmentForRevaluationOfTheAccountsOfTheConsolidatedSubsidiariesBasedOnGeneralPriceLevelAccountingOCI_label_1" xlink:role="http://www.xbrl.org/2003/role/verboseLabel">連結子会社の貨幣価値変動会計に基づく再評価積立金、その他の包括利益</link:label>
    <link:label xml:lang="ja" xlink:type="resource" xlink:label="jpcrp040300-q1r_E02142-000_AdjustmentForRevaluationOfTheAccountsOfTheConsolidatedSubsidiariesBasedOnGeneralPriceLevelAccountingVTA_label" xlink:role="http://www.xbrl.org/2003/role/label">連結子会社の貨幣価値変動会計に基づく再評価積立金</link:label>
    <link:label xml:lang="ja" xlink:type="resource" xlink:label="jpcrp040300-q1r_E02142-000_AdjustmentForRevaluationOfTheAccountsOfTheConsolidatedSubsidiariesBasedOnGeneralPriceLevelAccountingVTA_label_1" xlink:role="http://www.xbrl.org/2003/role/verboseLabel">連結子会社の貨幣価値変動会計に基づく再評価積立金、評価・換算差額等</link:label>
    <link:label xml:lang="ja" xlink:type="resource" xlink:label="jpcrp040300-q1r_E02142-000_AmortizationLongTermPrepaidExpensesOpeCF_label_1" xlink:role="http://www.xbrl.org/2003/role/label">減価償却費（長期前払費用）</link:label>
    <link:label xml:lang="ja" xlink:type="resource" xlink:label="jpcrp040300-q1r_E02142-000_AmortizationLongTermPrepaidExpensesOpeCF_label_2" xlink:role="http://www.xbrl.org/2003/role/verboseLabel">減価償却費（長期前払費用）、営業活動によるキャッシュ・フロー</link:label>
    <link:label xml:lang="ja" xlink:type="resource" xlink:label="jpcrp040300-q1r_E02142-000_AmortizationLongTermPrepaidExpensesOpeCF_label" xlink:role="http://www.xbrl.org/2003/role/documentation">減価償却費（長期前払費用）、営業活動によるキャッシュ・フロー</link:label>
    <link:label xml:lang="ja" xlink:type="resource" xlink:label="jpcrp040300-q1r_E02142-000_ConstructionInProgressAutomobileReportableSegmentsMember_label" xlink:role="http://www.xbrl.org/2003/role/label">自動車事業</link:label>
    <link:label xml:lang="ja" xlink:type="resource" xlink:label="jpcrp040300-q1r_E02142-000_ConstructionInProgressAutomobileReportableSegmentsMember_label_1" xlink:role="http://www.xbrl.org/2003/role/verboseLabel">自動車事業、報告セグメント[メンバー]</link:label>
    <link:label xml:lang="ja" xlink:type="resource" xlink:label="jpcrp040300-q1r_E02142-000_ContingentLiabilitiesTextBlock_label" xlink:role="http://www.xbrl.org/2003/role/label">偶発債務</link:label>
    <link:label xml:lang="ja" xlink:type="resource" xlink:label="jpcrp040300-q1r_E02142-000_ContingentLiabilitiesTextBlock_label_1" xlink:role="http://www.xbrl.org/2003/role/verboseLabel">偶発債務 [テキストブロック]</link:label>
    <link:label xml:lang="ja" xlink:type="resource" xlink:label="jpcrp040300-q1r_E02142-000_CreditLiquidationCostsNOE_label" xlink:role="http://www.xbrl.org/2003/role/label">債権流動化費用</link:label>
    <link:label xml:lang="ja" xlink:type="resource" xlink:label="jpcrp040300-q1r_E02142-000_CreditLiquidationCostsNOE_label_1" xlink:role="http://www.xbrl.org/2003/role/verboseLabel">債権流動化費用、営業外費用</link:label>
    <link:label xml:lang="ja" xlink:type="resource" xlink:label="jpcrp040300-q1r_E02142-000_DecreaseIncreaseInSalesFinanceReceivablesOpeCF_label_1" xlink:role="http://www.xbrl.org/2003/role/label">販売金融債権の増減額（△は増加）</link:label>
    <link:label xml:lang="ja" xlink:type="resource" xlink:label="jpcrp040300-q1r_E02142-000_DecreaseIncreaseInSalesFinanceReceivablesOpeCF_label_2" xlink:role="http://www.xbrl.org/2003/role/verboseLabel">販売金融債権の増減額（△は増加）、営業活動によるキャッシュ・フロー</link:label>
    <link:label xml:lang="ja" xlink:type="resource" xlink:label="jpcrp040300-q1r_E02142-000_DecreaseIncreaseInSalesFinanceReceivablesOpeCF_label" xlink:role="http://www.xbrl.org/2003/role/documentation">販売金融債権の増減額（△は増加）、営業活動によるキャッシュ・フロー</link:label>
    <link:label xml:lang="ja" xlink:type="resource" xlink:label="jpcrp040300-q1r_E02142-000_DepreciationAndAmortizationFixedAssetsExcludingLeasedVehiclesOpeCF_label_1" xlink:role="http://www.xbrl.org/2003/role/label">減価償却費（リース車両除く固定資産）</link:label>
    <link:label xml:lang="ja" xlink:type="resource" xlink:label="jpcrp040300-q1r_E02142-000_DepreciationAndAmortizationFixedAssetsExcludingLeasedVehiclesOpeCF_label_2" xlink:role="http://www.xbrl.org/2003/role/verboseLabel">減価償却費（リース車両除く固定資産）、営業活動によるキャッシュ・フロー</link:label>
    <link:label xml:lang="ja" xlink:type="resource" xlink:label="jpcrp040300-q1r_E02142-000_DepreciationAndAmortizationFixedAssetsExcludingLeasedVehiclesOpeCF_label" xlink:role="http://www.xbrl.org/2003/role/documentation">減価償却費（リース車両除く固定資産）、営業活動によるキャッシュ・フロー</link:label>
    <link:label xml:lang="ja" xlink:type="resource" xlink:label="jpcrp040300-q1r_E02142-000_DepreciationAndAmortizationForLeasedVehiclesOpeCF_label_1" xlink:role="http://www.xbrl.org/2003/role/label">減価償却費（リース車両）</link:label>
    <link:label xml:lang="ja" xlink:type="resource" xlink:label="jpcrp040300-q1r_E02142-000_DepreciationAndAmortizationForLeasedVehiclesOpeCF_label_2" xlink:role="http://www.xbrl.org/2003/role/verboseLabel">減価償却費（リース車両）、営業活動によるキャッシュ・フロー</link:label>
    <link:label xml:lang="ja" xlink:type="resource" xlink:label="jpcrp040300-q1r_E02142-000_DepreciationAndAmortizationForLeasedVehiclesOpeCF_label" xlink:role="http://www.xbrl.org/2003/role/documentation">減価償却費（リース車両）、営業活動によるキャッシュ・フロー</link:label>
    <link:label xml:lang="ja" xlink:type="resource" xlink:label="jpcrp040300-q1r_E02142-000_DerivativeIncomeNOI_label_1" xlink:role="http://www.xbrl.org/2003/role/label">デリバティブ収益</link:label>
    <link:label xml:lang="ja" xlink:type="resource" xlink:label="jpcrp040300-q1r_E02142-000_DerivativeIncomeNOI_label_2" xlink:role="http://www.xbrl.org/2003/role/verboseLabel">デリバティブ収益、営業外収益</link:label>
    <link:label xml:lang="ja" xlink:type="resource" xlink:label="jpcrp040300-q1r_E02142-000_DerivativeIncomeNOI_label" xlink:role="http://www.xbrl.org/2003/role/documentation">デリバティブ収益、営業外収益</link:label>
    <link:label xml:lang="ja" xlink:type="resource" xlink:label="jpcrp040300-q1r_E02142-000_DerivativeLossNOE_label_1" xlink:role="http://www.xbrl.org/2003/role/label">デリバティブ損失</link:label>
    <link:label xml:lang="ja" xlink:type="resource" xlink:label="jpcrp040300-q1r_E02142-000_DerivativeLossNOE_label_2" xlink:role="http://www.xbrl.org/2003/role/verboseLabel">デリバティブ損失、営業外費用</link:label>
    <link:label xml:lang="ja" xlink:type="resource" xlink:label="jpcrp040300-q1r_E02142-000_DerivativeLossNOE_label" xlink:role="http://www.xbrl.org/2003/role/documentation">デリバティブ損失、営業外費用</link:label>
    <link:label xml:lang="ja" xlink:type="resource" xlink:label="jpcrp040300-q1r_E02142-000_EliminationOfInterSegmentTransactionsMember_label" xlink:role="http://www.xbrl.org/2003/role/label">セグメント間取引消去額</link:label>
    <link:label xml:lang="ja" xlink:type="resource" xlink:label="jpcrp040300-q1r_E02142-000_EliminationOfInterSegmentTransactionsMember_label_1" xlink:role="http://www.xbrl.org/2003/role/verboseLabel">セグメント間取引消去額 [メンバー]</link:label>
    <link:label xml:lang="ja" xlink:type="resource" xlink:label="jpcrp040300-q1r_E02142-000_LossForRevaluationOfTheAccountsBasedOnGeneralPriceLevelAccountingNOE_label" xlink:role="http://www.xbrl.org/2003/role/label">貨幣価値変動会計による差損</link:label>
    <link:label xml:lang="ja" xlink:type="resource" xlink:label="jpcrp040300-q1r_E02142-000_LossForRevaluationOfTheAccountsBasedOnGeneralPriceLevelAccountingNOE_label_1" xlink:role="http://www.xbrl.org/2003/role/verboseLabel">貨幣価値変動会計による差損、営業外費用</link:label>
    <link:label xml:lang="ja" xlink:type="resource" xlink:label="jpcrp040300-q1r_E02142-000_NetDecreaseIncreaseInRestrictedCashInvCF_label_1" xlink:role="http://www.xbrl.org/2003/role/label">拘束性預金の純増減額（△は増加）</link:label>
    <link:label xml:lang="ja" xlink:type="resource" xlink:label="jpcrp040300-q1r_E02142-000_NetDecreaseIncreaseInRestrictedCashInvCF_label_2" xlink:role="http://www.xbrl.org/2003/role/verboseLabel">拘束性預金の純増減額（△は増加）、投資活動によるキャッシュ・フロー</link:label>
    <link:label xml:lang="ja" xlink:type="resource" xlink:label="jpcrp040300-q1r_E02142-000_NetDecreaseIncreaseInRestrictedCashInvCF_label" xlink:role="http://www.xbrl.org/2003/role/documentation">拘束性預金の純増減額（△は増加）、投資活動によるキャッシュ・フロー</link:label>
    <link:label xml:lang="ja" xlink:type="resource" xlink:label="jpcrp040300-q1r_E02142-000_NetDecreaseIncreaseInShortTermInvestmentsInvCF_label_1" xlink:role="http://www.xbrl.org/2003/role/label">短期投資の純増減額（△は増加）</link:label>
    <link:label xml:lang="ja" xlink:type="resource" xlink:label="jpcrp040300-q1r_E02142-000_NetDecreaseIncreaseInShortTermInvestmentsInvCF_label_2" xlink:role="http://www.xbrl.org/2003/role/verboseLabel">短期投資の純増減額（△は増加）、投資活動によるキャッシュ・フロー</link:label>
    <link:label xml:lang="ja" xlink:type="resource" xlink:label="jpcrp040300-q1r_E02142-000_NetDecreaseIncreaseInShortTermInvestmentsInvCF_label" xlink:role="http://www.xbrl.org/2003/role/documentation">短期投資の純増減額（△は増加）、投資活動によるキャッシュ・フロー</link:label>
    <link:label xml:lang="ja" xlink:type="resource" xlink:label="jpcrp040300-q1r_E02142-000_NotesCoverPageTextBlock_label" xlink:role="http://www.xbrl.org/2003/role/label">脚注</link:label>
    <link:label xml:lang="ja" xlink:type="resource" xlink:label="jpcrp040300-q1r_E02142-000_NotesCoverPageTextBlock_label_1" xlink:role="http://www.xbrl.org/2003/role/verboseLabel">脚注、表紙 [テキストブロック]</link:label>
    <link:label xml:lang="ja" xlink:type="resource" xlink:label="jpcrp040300-q1r_E02142-000_NotesRegardingMachineryEquipmentAndVehiclesNetTextBlock_label" xlink:role="http://www.xbrl.org/2003/role/label">機械装置及び運搬具（純額）に関する注記</link:label>
    <link:label xml:lang="ja" xlink:type="resource" xlink:label="jpcrp040300-q1r_E02142-000_NotesRegardingMachineryEquipmentAndVehiclesNetTextBlock_label_1" xlink:role="http://www.xbrl.org/2003/role/verboseLabel">機械装置及び運搬具（純額）に関する注記 [テキストブロック]</link:label>
    <link:label xml:lang="ja" xlink:type="resource" xlink:label="jpcrp040300-q1r_E02142-000_OtherSellingExpenseSGA_label" xlink:role="http://www.xbrl.org/2003/role/label">販売諸費</link:label>
    <link:label xml:lang="ja" xlink:type="resource" xlink:label="jpcrp040300-q1r_E02142-000_OtherSellingExpenseSGA_label_1" xlink:role="http://www.xbrl.org/2003/role/verboseLabel">販売諸費、販売費及び一般管理費</link:label>
    <link:label xml:lang="ja" xlink:type="resource" xlink:label="jpcrp040300-q1r_E02142-000_PaymentsRelatedToNetDefinedBenefitAssetAndLiabilityOpeCF_label" xlink:role="http://www.xbrl.org/2003/role/label">退職給付に係る支払額</link:label>
    <link:label xml:lang="ja" xlink:type="resource" xlink:label="jpcrp040300-q1r_E02142-000_PaymentsRelatedToNetDefinedBenefitAssetAndLiabilityOpeCF_label_1" xlink:role="http://www.xbrl.org/2003/role/verboseLabel">退職給付に係る支払額、営業活動によるキャッシュ・フロー</link:label>
    <link:label xml:lang="ja" xlink:type="resource" xlink:label="jpcrp040300-q1r_E02142-000_ProceedsFromSalesOfLeasedVehiclesInvCF_label_1" xlink:role="http://www.xbrl.org/2003/role/label">リース車両の売却による収入</link:label>
    <link:label xml:lang="ja" xlink:type="resource" xlink:label="jpcrp040300-q1r_E02142-000_ProceedsFromSalesOfLeasedVehiclesInvCF_label_2" xlink:role="http://www.xbrl.org/2003/role/verboseLabel">リース車両の売却による収入、投資活動によるキャッシュ・フロー</link:label>
    <link:label xml:lang="ja" xlink:type="resource" xlink:label="jpcrp040300-q1r_E02142-000_ProceedsFromSalesOfLeasedVehiclesInvCF_label" xlink:role="http://www.xbrl.org/2003/role/documentation">リース車両の売却による収入、投資活動によるキャッシュ・フロー</link:label>
    <link:label xml:lang="ja" xlink:type="resource" xlink:label="jpcrp040300-q1r_E02142-000_PurchasesOfLeasedVehiclesInvCF_label_1" xlink:role="http://www.xbrl.org/2003/role/label">リース車両の取得による支出</link:label>
    <link:label xml:lang="ja" xlink:type="resource" xlink:label="jpcrp040300-q1r_E02142-000_PurchasesOfLeasedVehiclesInvCF_label_2" xlink:role="http://www.xbrl.org/2003/role/verboseLabel">リース車両の取得による支出、投資活動によるキャッシュ・フロー</link:label>
    <link:label xml:lang="ja" xlink:type="resource" xlink:label="jpcrp040300-q1r_E02142-000_PurchasesOfLeasedVehiclesInvCF_label" xlink:role="http://www.xbrl.org/2003/role/documentation">リース車両の取得による支出、投資活動によるキャッシュ・フロー</link:label>
    <link:label xml:lang="ja" xlink:type="resource" xlink:label="jpcrp040300-q1r_E02142-000_SalesFinanceReceivableCA_label_1" xlink:role="http://www.xbrl.org/2003/role/label">販売金融債権</link:label>
    <link:label xml:lang="ja" xlink:type="resource" xlink:label="jpcrp040300-q1r_E02142-000_SalesFinanceReceivableCA_label_2" xlink:role="http://www.xbrl.org/2003/role/verboseLabel">販売金融債権、流動資産</link:label>
    <link:label xml:lang="ja" xlink:type="resource" xlink:label="jpcrp040300-q1r_E02142-000_SalesFinanceReceivableCA_label" xlink:role="http://www.xbrl.org/2003/role/documentation">販売金融債権、流動資産</link:label>
    <link:label xml:lang="ja" xlink:type="resource" xlink:label="jpcrp040300-q1r_E02142-000_SalesFinanceReportableSegmentsMember_label" xlink:role="http://www.xbrl.org/2003/role/label">販売金融事業</link:label>
    <link:label xml:lang="ja" xlink:type="resource" xlink:label="jpcrp040300-q1r_E02142-000_SalesFinanceReportableSegmentsMember_label_1" xlink:role="http://www.xbrl.org/2003/role/verboseLabel">販売金融事業、報告セグメント[メンバー]</link:label>
    <link:label xml:lang="ja" xlink:type="resource" xlink:label="jpcrp040300-q1r_E02142-000_SpecialAdditionToRetirementBenefitsEL_label_1" xlink:role="http://www.xbrl.org/2003/role/label">特別退職加算金</link:label>
    <link:label xml:lang="ja" xlink:type="resource" xlink:label="jpcrp040300-q1r_E02142-000_SpecialAdditionToRetirementBenefitsEL_label_2" xlink:role="http://www.xbrl.org/2003/role/verboseLabel">特別退職加算金、特別損失</link:label>
    <link:label xml:lang="ja" xlink:type="resource" xlink:label="jpcrp040300-q1r_E02142-000_SpecialAdditionToRetirementBenefitsEL_label" xlink:role="http://www.xbrl.org/2003/role/documentation">特別退職加算金、特別損失</link:label>
    <link:label xml:lang="ja" xlink:type="resource" xlink:label="jpcrp040300-q1r_E02142-000_YearToQuarterEndHeading_label" xlink:role="http://www.xbrl.org/2003/role/label">四半期連結累計期間</link:label>
    <link:label xml:lang="ja" xlink:type="resource" xlink:label="jpcrp040300-q1r_E02142-000_YearToQuarterEndHeading_label_1" xlink:role="http://www.xbrl.org/2003/role/verboseLabel">四半期連結累計期間 [目次項目]</link:label>
    <link:loc xlink:type="locator" xlink:href="jpcrp040300-q1r-001_E02142-000_2019-06-30_01_2019-07-29.xsd#jpcrp040300-q1r_E02142-000_AdjustmentForRevaluationOfTheAccountsOfTheConsolidatedSubsidiariesBasedOnGeneralPriceLevelAccountingOCI" xlink:label="jpcrp040300-q1r_E02142-000_AdjustmentForRevaluationOfTheAccountsOfTheConsolidatedSubsidiariesBasedOnGeneralPriceLevelAccountingOCI" />
    <link:loc xlink:type="locator" xlink:href="jpcrp040300-q1r-001_E02142-000_2019-06-30_01_2019-07-29.xsd#jpcrp040300-q1r_E02142-000_AdjustmentForRevaluationOfTheAccountsOfTheConsolidatedSubsidiariesBasedOnGeneralPriceLevelAccountingVTA" xlink:label="jpcrp040300-q1r_E02142-000_AdjustmentForRevaluationOfTheAccountsOfTheConsolidatedSubsidiariesBasedOnGeneralPriceLevelAccountingVTA" />
    <link:loc xlink:type="locator" xlink:href="jpcrp040300-q1r-001_E02142-000_2019-06-30_01_2019-07-29.xsd#jpcrp040300-q1r_E02142-000_AmortizationLongTermPrepaidExpensesOpeCF" xlink:label="jpcrp040300-q1r_E02142-000_AmortizationLongTermPrepaidExpensesOpeCF" />
    <link:loc xlink:type="locator" xlink:href="jpcrp040300-q1r-001_E02142-000_2019-06-30_01_2019-07-29.xsd#jpcrp040300-q1r_E02142-000_ConstructionInProgressAutomobileReportableSegmentsMember" xlink:label="jpcrp040300-q1r_E02142-000_ConstructionInProgressAutomobileReportableSegmentsMember" />
    <link:loc xlink:type="locator" xlink:href="jpcrp040300-q1r-001_E02142-000_2019-06-30_01_2019-07-29.xsd#jpcrp040300-q1r_E02142-000_ContingentLiabilitiesTextBlock" xlink:label="jpcrp040300-q1r_E02142-000_ContingentLiabilitiesTextBlock" />
    <link:loc xlink:type="locator" xlink:href="jpcrp040300-q1r-001_E02142-000_2019-06-30_01_2019-07-29.xsd#jpcrp040300-q1r_E02142-000_CreditLiquidationCostsNOE" xlink:label="jpcrp040300-q1r_E02142-000_CreditLiquidationCostsNOE" />
    <link:loc xlink:type="locator" xlink:href="jpcrp040300-q1r-001_E02142-000_2019-06-30_01_2019-07-29.xsd#jpcrp040300-q1r_E02142-000_DecreaseIncreaseInSalesFinanceReceivablesOpeCF" xlink:label="jpcrp040300-q1r_E02142-000_DecreaseIncreaseInSalesFinanceReceivablesOpeCF" />
    <link:loc xlink:type="locator" xlink:href="jpcrp040300-q1r-001_E02142-000_2019-06-30_01_2019-07-29.xsd#jpcrp040300-q1r_E02142-000_DepreciationAndAmortizationFixedAssetsExcludingLeasedVehiclesOpeCF" xlink:label="jpcrp040300-q1r_E02142-000_DepreciationAndAmortizationFixedAssetsExcludingLeasedVehiclesOpeCF" />
    <link:loc xlink:type="locator" xlink:href="jpcrp040300-q1r-001_E02142-000_2019-06-30_01_2019-07-29.xsd#jpcrp040300-q1r_E02142-000_DepreciationAndAmortizationForLeasedVehiclesOpeCF" xlink:label="jpcrp040300-q1r_E02142-000_DepreciationAndAmortizationForLeasedVehiclesOpeCF" />
    <link:loc xlink:type="locator" xlink:href="jpcrp040300-q1r-001_E02142-000_2019-06-30_01_2019-07-29.xsd#jpcrp040300-q1r_E02142-000_DerivativeIncomeNOI" xlink:label="jpcrp040300-q1r_E02142-000_DerivativeIncomeNOI" />
    <link:loc xlink:type="locator" xlink:href="jpcrp040300-q1r-001_E02142-000_2019-06-30_01_2019-07-29.xsd#jpcrp040300-q1r_E02142-000_DerivativeLossNOE" xlink:label="jpcrp040300-q1r_E02142-000_DerivativeLossNOE" />
    <link:loc xlink:type="locator" xlink:href="jpcrp040300-q1r-001_E02142-000_2019-06-30_01_2019-07-29.xsd#jpcrp040300-q1r_E02142-000_EliminationOfInterSegmentTransactionsMember" xlink:label="jpcrp040300-q1r_E02142-000_EliminationOfInterSegmentTransactionsMember" />
    <link:loc xlink:type="locator" xlink:href="jpcrp040300-q1r-001_E02142-000_2019-06-30_01_2019-07-29.xsd#jpcrp040300-q1r_E02142-000_LossForRevaluationOfTheAccountsBasedOnGeneralPriceLevelAccountingNOE" xlink:label="jpcrp040300-q1r_E02142-000_LossForRevaluationOfTheAccountsBasedOnGeneralPriceLevelAccountingNOE" />
    <link:loc xlink:type="locator" xlink:href="jpcrp040300-q1r-001_E02142-000_2019-06-30_01_2019-07-29.xsd#jpcrp040300-q1r_E02142-000_NetDecreaseIncreaseInRestrictedCashInvCF" xlink:label="jpcrp040300-q1r_E02142-000_NetDecreaseIncreaseInRestrictedCashInvCF" />
    <link:loc xlink:type="locator" xlink:href="jpcrp040300-q1r-001_E02142-000_2019-06-30_01_2019-07-29.xsd#jpcrp040300-q1r_E02142-000_NetDecreaseIncreaseInShortTermInvestmentsInvCF" xlink:label="jpcrp040300-q1r_E02142-000_NetDecreaseIncreaseInShortTermInvestmentsInvCF" />
    <link:loc xlink:type="locator" xlink:href="jpcrp040300-q1r-001_E02142-000_2019-06-30_01_2019-07-29.xsd#jpcrp040300-q1r_E02142-000_NotesCoverPageTextBlock" xlink:label="jpcrp040300-q1r_E02142-000_NotesCoverPageTextBlock" />
    <link:loc xlink:type="locator" xlink:href="jpcrp040300-q1r-001_E02142-000_2019-06-30_01_2019-07-29.xsd#jpcrp040300-q1r_E02142-000_NotesRegardingMachineryEquipmentAndVehiclesNetTextBlock" xlink:label="jpcrp040300-q1r_E02142-000_NotesRegardingMachineryEquipmentAndVehiclesNetTextBlock" />
    <link:loc xlink:type="locator" xlink:href="jpcrp040300-q1r-001_E02142-000_2019-06-30_01_2019-07-29.xsd#jpcrp040300-q1r_E02142-000_OtherSellingExpenseSGA" xlink:label="jpcrp040300-q1r_E02142-000_OtherSellingExpenseSGA" />
    <link:loc xlink:type="locator" xlink:href="jpcrp040300-q1r-001_E02142-000_2019-06-30_01_2019-07-29.xsd#jpcrp040300-q1r_E02142-000_PaymentsRelatedToNetDefinedBenefitAssetAndLiabilityOpeCF" xlink:label="jpcrp040300-q1r_E02142-000_PaymentsRelatedToNetDefinedBenefitAssetAndLiabilityOpeCF" />
    <link:loc xlink:type="locator" xlink:href="jpcrp040300-q1r-001_E02142-000_2019-06-30_01_2019-07-29.xsd#jpcrp040300-q1r_E02142-000_ProceedsFromSalesOfLeasedVehiclesInvCF" xlink:label="jpcrp040300-q1r_E02142-000_ProceedsFromSalesOfLeasedVehiclesInvCF" />
    <link:loc xlink:type="locator" xlink:href="jpcrp040300-q1r-001_E02142-000_2019-06-30_01_2019-07-29.xsd#jpcrp040300-q1r_E02142-000_PurchasesOfLeasedVehiclesInvCF" xlink:label="jpcrp040300-q1r_E02142-000_PurchasesOfLeasedVehiclesInvCF" />
    <link:loc xlink:type="locator" xlink:href="jpcrp040300-q1r-001_E02142-000_2019-06-30_01_2019-07-29.xsd#jpcrp040300-q1r_E02142-000_SalesFinanceReceivableCA" xlink:label="jpcrp040300-q1r_E02142-000_SalesFinanceReceivableCA" />
    <link:loc xlink:type="locator" xlink:href="jpcrp040300-q1r-001_E02142-000_2019-06-30_01_2019-07-29.xsd#jpcrp040300-q1r_E02142-000_SalesFinanceReportableSegmentsMember" xlink:label="jpcrp040300-q1r_E02142-000_SalesFinanceReportableSegmentsMember" />
    <link:loc xlink:type="locator" xlink:href="jpcrp040300-q1r-001_E02142-000_2019-06-30_01_2019-07-29.xsd#jpcrp040300-q1r_E02142-000_SpecialAdditionToRetirementBenefitsEL" xlink:label="jpcrp040300-q1r_E02142-000_SpecialAdditionToRetirementBenefitsEL" />
    <link:loc xlink:type="locator" xlink:href="jpcrp040300-q1r-001_E02142-000_2019-06-30_01_2019-07-29.xsd#jpcrp040300-q1r_E02142-000_YearToQuarterEndHeading" xlink:label="jpcrp040300-q1r_E02142-000_YearToQuarterEndHeading" />
    <link:labelArc xlink:type="arc" xlink:from="jpcrp040300-q1r_E02142-000_AdjustmentForRevaluationOfTheAccountsOfTheConsolidatedSubsidiariesBasedOnGeneralPriceLevelAccountingOCI" xlink:to="jpcrp040300-q1r_E02142-000_AdjustmentForRevaluationOfTheAccountsOfTheConsolidatedSubsidiariesBasedOnGeneralPriceLevelAccountingOCI_label_1" xlink:arcrole="http://www.xbrl.org/2003/arcrole/concept-label" order="1" />
    <link:labelArc xlink:type="arc" xlink:from="jpcrp040300-q1r_E02142-000_AdjustmentForRevaluationOfTheAccountsOfTheConsolidatedSubsidiariesBasedOnGeneralPriceLevelAccountingOCI" xlink:to="jpcrp040300-q1r_E02142-000_AdjustmentForRevaluationOfTheAccountsOfTheConsolidatedSubsidiariesBasedOnGeneralPriceLevelAccountingOCI_label" xlink:arcrole="http://www.xbrl.org/2003/arcrole/concept-label" order="1" />
    <link:labelArc xlink:type="arc" xlink:from="jpcrp040300-q1r_E02142-000_AdjustmentForRevaluationOfTheAccountsOfTheConsolidatedSubsidiariesBasedOnGeneralPriceLevelAccountingVTA" xlink:to="jpcrp040300-q1r_E02142-000_AdjustmentForRevaluationOfTheAccountsOfTheConsolidatedSubsidiariesBasedOnGeneralPriceLevelAccountingVTA_label_1" xlink:arcrole="http://www.xbrl.org/2003/arcrole/concept-label" order="1" />
    <link:labelArc xlink:type="arc" xlink:from="jpcrp040300-q1r_E02142-000_AdjustmentForRevaluationOfTheAccountsOfTheConsolidatedSubsidiariesBasedOnGeneralPriceLevelAccountingVTA" xlink:to="jpcrp040300-q1r_E02142-000_AdjustmentForRevaluationOfTheAccountsOfTheConsolidatedSubsidiariesBasedOnGeneralPriceLevelAccountingVTA_label" xlink:arcrole="http://www.xbrl.org/2003/arcrole/concept-label" order="1" />
    <link:labelArc xlink:type="arc" xlink:from="jpcrp040300-q1r_E02142-000_AmortizationLongTermPrepaidExpensesOpeCF" xlink:to="jpcrp040300-q1r_E02142-000_AmortizationLongTermPrepaidExpensesOpeCF_label_2" xlink:arcrole="http://www.xbrl.org/2003/arcrole/concept-label" order="1" />
    <link:labelArc xlink:type="arc" xlink:from="jpcrp040300-q1r_E02142-000_AmortizationLongTermPrepaidExpensesOpeCF" xlink:to="jpcrp040300-q1r_E02142-000_AmortizationLongTermPrepaidExpensesOpeCF_label_1" xlink:arcrole="http://www.xbrl.org/2003/arcrole/concept-label" order="1" />
    <link:labelArc xlink:type="arc" xlink:from="jpcrp040300-q1r_E02142-000_AmortizationLongTermPrepaidExpensesOpeCF" xlink:to="jpcrp040300-q1r_E02142-000_AmortizationLongTermPrepaidExpensesOpeCF_label" xlink:arcrole="http://www.xbrl.org/2003/arcrole/concept-label" order="1" />
    <link:labelArc xlink:type="arc" xlink:from="jpcrp040300-q1r_E02142-000_ConstructionInProgressAutomobileReportableSegmentsMember" xlink:to="jpcrp040300-q1r_E02142-000_ConstructionInProgressAutomobileReportableSegmentsMember_label_1" xlink:arcrole="http://www.xbrl.org/2003/arcrole/concept-label" order="1" />
    <link:labelArc xlink:type="arc" xlink:from="jpcrp040300-q1r_E02142-000_ConstructionInProgressAutomobileReportableSegmentsMember" xlink:to="jpcrp040300-q1r_E02142-000_ConstructionInProgressAutomobileReportableSegmentsMember_label" xlink:arcrole="http://www.xbrl.org/2003/arcrole/concept-label" order="1" />
    <link:labelArc xlink:type="arc" xlink:from="jpcrp040300-q1r_E02142-000_ContingentLiabilitiesTextBlock" xlink:to="jpcrp040300-q1r_E02142-000_ContingentLiabilitiesTextBlock_label_1" xlink:arcrole="http://www.xbrl.org/2003/arcrole/concept-label" order="1" />
    <link:labelArc xlink:type="arc" xlink:from="jpcrp040300-q1r_E02142-000_ContingentLiabilitiesTextBlock" xlink:to="jpcrp040300-q1r_E02142-000_ContingentLiabilitiesTextBlock_label" xlink:arcrole="http://www.xbrl.org/2003/arcrole/concept-label" order="1" />
    <link:labelArc xlink:type="arc" xlink:from="jpcrp040300-q1r_E02142-000_CreditLiquidationCostsNOE" xlink:to="jpcrp040300-q1r_E02142-000_CreditLiquidationCostsNOE_label_1" xlink:arcrole="http://www.xbrl.org/2003/arcrole/concept-label" order="1" />
    <link:labelArc xlink:type="arc" xlink:from="jpcrp040300-q1r_E02142-000_CreditLiquidationCostsNOE" xlink:to="jpcrp040300-q1r_E02142-000_CreditLiquidationCostsNOE_label" xlink:arcrole="http://www.xbrl.org/2003/arcrole/concept-label" order="1" />
    <link:labelArc xlink:type="arc" xlink:from="jpcrp040300-q1r_E02142-000_DecreaseIncreaseInSalesFinanceReceivablesOpeCF" xlink:to="jpcrp040300-q1r_E02142-000_DecreaseIncreaseInSalesFinanceReceivablesOpeCF_label_2" xlink:arcrole="http://www.xbrl.org/2003/arcrole/concept-label" order="1" />
    <link:labelArc xlink:type="arc" xlink:from="jpcrp040300-q1r_E02142-000_DecreaseIncreaseInSalesFinanceReceivablesOpeCF" xlink:to="jpcrp040300-q1r_E02142-000_DecreaseIncreaseInSalesFinanceReceivablesOpeCF_label_1" xlink:arcrole="http://www.xbrl.org/2003/arcrole/concept-label" order="1" />
    <link:labelArc xlink:type="arc" xlink:from="jpcrp040300-q1r_E02142-000_DecreaseIncreaseInSalesFinanceReceivablesOpeCF" xlink:to="jpcrp040300-q1r_E02142-000_DecreaseIncreaseInSalesFinanceReceivablesOpeCF_label" xlink:arcrole="http://www.xbrl.org/2003/arcrole/concept-label" order="1" />
    <link:labelArc xlink:type="arc" xlink:from="jpcrp040300-q1r_E02142-000_DepreciationAndAmortizationFixedAssetsExcludingLeasedVehiclesOpeCF" xlink:to="jpcrp040300-q1r_E02142-000_DepreciationAndAmortizationFixedAssetsExcludingLeasedVehiclesOpeCF_label_2" xlink:arcrole="http://www.xbrl.org/2003/arcrole/concept-label" order="1" />
    <link:labelArc xlink:type="arc" xlink:from="jpcrp040300-q1r_E02142-000_DepreciationAndAmortizationFixedAssetsExcludingLeasedVehiclesOpeCF" xlink:to="jpcrp040300-q1r_E02142-000_DepreciationAndAmortizationFixedAssetsExcludingLeasedVehiclesOpeCF_label_1" xlink:arcrole="http://www.xbrl.org/2003/arcrole/concept-label" order="1" />
    <link:labelArc xlink:type="arc" xlink:from="jpcrp040300-q1r_E02142-000_DepreciationAndAmortizationFixedAssetsExcludingLeasedVehiclesOpeCF" xlink:to="jpcrp040300-q1r_E02142-000_DepreciationAndAmortizationFixedAssetsExcludingLeasedVehiclesOpeCF_label" xlink:arcrole="http://www.xbrl.org/2003/arcrole/concept-label" order="1" />
    <link:labelArc xlink:type="arc" xlink:from="jpcrp040300-q1r_E02142-000_DepreciationAndAmortizationForLeasedVehiclesOpeCF" xlink:to="jpcrp040300-q1r_E02142-000_DepreciationAndAmortizationForLeasedVehiclesOpeCF_label_2" xlink:arcrole="http://www.xbrl.org/2003/arcrole/concept-label" order="1" />
    <link:labelArc xlink:type="arc" xlink:from="jpcrp040300-q1r_E02142-000_DepreciationAndAmortizationForLeasedVehiclesOpeCF" xlink:to="jpcrp040300-q1r_E02142-000_DepreciationAndAmortizationForLeasedVehiclesOpeCF_label_1" xlink:arcrole="http://www.xbrl.org/2003/arcrole/concept-label" order="1" />
    <link:labelArc xlink:type="arc" xlink:from="jpcrp040300-q1r_E02142-000_DepreciationAndAmortizationForLeasedVehiclesOpeCF" xlink:to="jpcrp040300-q1r_E02142-000_DepreciationAndAmortizationForLeasedVehiclesOpeCF_label" xlink:arcrole="http://www.xbrl.org/2003/arcrole/concept-label" order="1" />
    <link:labelArc xlink:type="arc" xlink:from="jpcrp040300-q1r_E02142-000_DerivativeIncomeNOI" xlink:to="jpcrp040300-q1r_E02142-000_DerivativeIncomeNOI_label_2" xlink:arcrole="http://www.xbrl.org/2003/arcrole/concept-label" order="1" />
    <link:labelArc xlink:type="arc" xlink:from="jpcrp040300-q1r_E02142-000_DerivativeIncomeNOI" xlink:to="jpcrp040300-q1r_E02142-000_DerivativeIncomeNOI_label_1" xlink:arcrole="http://www.xbrl.org/2003/arcrole/concept-label" order="1" />
    <link:labelArc xlink:type="arc" xlink:from="jpcrp040300-q1r_E02142-000_DerivativeIncomeNOI" xlink:to="jpcrp040300-q1r_E02142-000_DerivativeIncomeNOI_label" xlink:arcrole="http://www.xbrl.org/2003/arcrole/concept-label" order="1" />
    <link:labelArc xlink:type="arc" xlink:from="jpcrp040300-q1r_E02142-000_DerivativeLossNOE" xlink:to="jpcrp040300-q1r_E02142-000_DerivativeLossNOE_label_2" xlink:arcrole="http://www.xbrl.org/2003/arcrole/concept-label" order="1" />
    <link:labelArc xlink:type="arc" xlink:from="jpcrp040300-q1r_E02142-000_DerivativeLossNOE" xlink:to="jpcrp040300-q1r_E02142-000_DerivativeLossNOE_label_1" xlink:arcrole="http://www.xbrl.org/2003/arcrole/concept-label" order="1" />
    <link:labelArc xlink:type="arc" xlink:from="jpcrp040300-q1r_E02142-000_DerivativeLossNOE" xlink:to="jpcrp040300-q1r_E02142-000_DerivativeLossNOE_label" xlink:arcrole="http://www.xbrl.org/2003/arcrole/concept-label" order="1" />
    <link:labelArc xlink:type="arc" xlink:from="jpcrp040300-q1r_E02142-000_EliminationOfInterSegmentTransactionsMember" xlink:to="jpcrp040300-q1r_E02142-000_EliminationOfInterSegmentTransactionsMember_label_1" xlink:arcrole="http://www.xbrl.org/2003/arcrole/concept-label" order="1" />
    <link:labelArc xlink:type="arc" xlink:from="jpcrp040300-q1r_E02142-000_EliminationOfInterSegmentTransactionsMember" xlink:to="jpcrp040300-q1r_E02142-000_EliminationOfInterSegmentTransactionsMember_label" xlink:arcrole="http://www.xbrl.org/2003/arcrole/concept-label" order="1" />
    <link:labelArc xlink:type="arc" xlink:from="jpcrp040300-q1r_E02142-000_LossForRevaluationOfTheAccountsBasedOnGeneralPriceLevelAccountingNOE" xlink:to="jpcrp040300-q1r_E02142-000_LossForRevaluationOfTheAccountsBasedOnGeneralPriceLevelAccountingNOE_label_1" xlink:arcrole="http://www.xbrl.org/2003/arcrole/concept-label" order="1" />
    <link:labelArc xlink:type="arc" xlink:from="jpcrp040300-q1r_E02142-000_LossForRevaluationOfTheAccountsBasedOnGeneralPriceLevelAccountingNOE" xlink:to="jpcrp040300-q1r_E02142-000_LossForRevaluationOfTheAccountsBasedOnGeneralPriceLevelAccountingNOE_label" xlink:arcrole="http://www.xbrl.org/2003/arcrole/concept-label" order="1" />
    <link:labelArc xlink:type="arc" xlink:from="jpcrp040300-q1r_E02142-000_NetDecreaseIncreaseInRestrictedCashInvCF" xlink:to="jpcrp040300-q1r_E02142-000_NetDecreaseIncreaseInRestrictedCashInvCF_label_2" xlink:arcrole="http://www.xbrl.org/2003/arcrole/concept-label" order="1" />
    <link:labelArc xlink:type="arc" xlink:from="jpcrp040300-q1r_E02142-000_NetDecreaseIncreaseInRestrictedCashInvCF" xlink:to="jpcrp040300-q1r_E02142-000_NetDecreaseIncreaseInRestrictedCashInvCF_label_1" xlink:arcrole="http://www.xbrl.org/2003/arcrole/concept-label" order="1" />
    <link:labelArc xlink:type="arc" xlink:from="jpcrp040300-q1r_E02142-000_NetDecreaseIncreaseInRestrictedCashInvCF" xlink:to="jpcrp040300-q1r_E02142-000_NetDecreaseIncreaseInRestrictedCashInvCF_label" xlink:arcrole="http://www.xbrl.org/2003/arcrole/concept-label" order="1" />
    <link:labelArc xlink:type="arc" xlink:from="jpcrp040300-q1r_E02142-000_NetDecreaseIncreaseInShortTermInvestmentsInvCF" xlink:to="jpcrp040300-q1r_E02142-000_NetDecreaseIncreaseInShortTermInvestmentsInvCF_label_2" xlink:arcrole="http://www.xbrl.org/2003/arcrole/concept-label" order="1" />
    <link:labelArc xlink:type="arc" xlink:from="jpcrp040300-q1r_E02142-000_NetDecreaseIncreaseInShortTermInvestmentsInvCF" xlink:to="jpcrp040300-q1r_E02142-000_NetDecreaseIncreaseInShortTermInvestmentsInvCF_label_1" xlink:arcrole="http://www.xbrl.org/2003/arcrole/concept-label" order="1" />
    <link:labelArc xlink:type="arc" xlink:from="jpcrp040300-q1r_E02142-000_NetDecreaseIncreaseInShortTermInvestmentsInvCF" xlink:to="jpcrp040300-q1r_E02142-000_NetDecreaseIncreaseInShortTermInvestmentsInvCF_label" xlink:arcrole="http://www.xbrl.org/2003/arcrole/concept-label" order="1" />
    <link:labelArc xlink:type="arc" xlink:from="jpcrp040300-q1r_E02142-000_NotesCoverPageTextBlock" xlink:to="jpcrp040300-q1r_E02142-000_NotesCoverPageTextBlock_label_1" xlink:arcrole="http://www.xbrl.org/2003/arcrole/concept-label" order="1" />
    <link:labelArc xlink:type="arc" xlink:from="jpcrp040300-q1r_E02142-000_NotesCoverPageTextBlock" xlink:to="jpcrp040300-q1r_E02142-000_NotesCoverPageTextBlock_label" xlink:arcrole="http://www.xbrl.org/2003/arcrole/concept-label" order="1" />
    <link:labelArc xlink:type="arc" xlink:from="jpcrp040300-q1r_E02142-000_NotesRegardingMachineryEquipmentAndVehiclesNetTextBlock" xlink:to="jpcrp040300-q1r_E02142-000_NotesRegardingMachineryEquipmentAndVehiclesNetTextBlock_label_1" xlink:arcrole="http://www.xbrl.org/2003/arcrole/concept-label" order="1" />
    <link:labelArc xlink:type="arc" xlink:from="jpcrp040300-q1r_E02142-000_NotesRegardingMachineryEquipmentAndVehiclesNetTextBlock" xlink:to="jpcrp040300-q1r_E02142-000_NotesRegardingMachineryEquipmentAndVehiclesNetTextBlock_label" xlink:arcrole="http://www.xbrl.org/2003/arcrole/concept-label" order="1" />
    <link:labelArc xlink:type="arc" xlink:from="jpcrp040300-q1r_E02142-000_OtherSellingExpenseSGA" xlink:to="jpcrp040300-q1r_E02142-000_OtherSellingExpenseSGA_label_1" xlink:arcrole="http://www.xbrl.org/2003/arcrole/concept-label" order="1" />
    <link:labelArc xlink:type="arc" xlink:from="jpcrp040300-q1r_E02142-000_OtherSellingExpenseSGA" xlink:to="jpcrp040300-q1r_E02142-000_OtherSellingExpenseSGA_label" xlink:arcrole="http://www.xbrl.org/2003/arcrole/concept-label" order="1" />
    <link:labelArc xlink:type="arc" xlink:from="jpcrp040300-q1r_E02142-000_PaymentsRelatedToNetDefinedBenefitAssetAndLiabilityOpeCF" xlink:to="jpcrp040300-q1r_E02142-000_PaymentsRelatedToNetDefinedBenefitAssetAndLiabilityOpeCF_label_1" xlink:arcrole="http://www.xbrl.org/2003/arcrole/concept-label" order="1" />
    <link:labelArc xlink:type="arc" xlink:from="jpcrp040300-q1r_E02142-000_PaymentsRelatedToNetDefinedBenefitAssetAndLiabilityOpeCF" xlink:to="jpcrp040300-q1r_E02142-000_PaymentsRelatedToNetDefinedBenefitAssetAndLiabilityOpeCF_label" xlink:arcrole="http://www.xbrl.org/2003/arcrole/concept-label" order="1" />
    <link:labelArc xlink:type="arc" xlink:from="jpcrp040300-q1r_E02142-000_ProceedsFromSalesOfLeasedVehiclesInvCF" xlink:to="jpcrp040300-q1r_E02142-000_ProceedsFromSalesOfLeasedVehiclesInvCF_label_2" xlink:arcrole="http://www.xbrl.org/2003/arcrole/concept-label" order="1" />
    <link:labelArc xlink:type="arc" xlink:from="jpcrp040300-q1r_E02142-000_ProceedsFromSalesOfLeasedVehiclesInvCF" xlink:to="jpcrp040300-q1r_E02142-000_ProceedsFromSalesOfLeasedVehiclesInvCF_label_1" xlink:arcrole="http://www.xbrl.org/2003/arcrole/concept-label" order="1" />
    <link:labelArc xlink:type="arc" xlink:from="jpcrp040300-q1r_E02142-000_ProceedsFromSalesOfLeasedVehiclesInvCF" xlink:to="jpcrp040300-q1r_E02142-000_ProceedsFromSalesOfLeasedVehiclesInvCF_label" xlink:arcrole="http://www.xbrl.org/2003/arcrole/concept-label" order="1" />
    <link:labelArc xlink:type="arc" xlink:from="jpcrp040300-q1r_E02142-000_PurchasesOfLeasedVehiclesInvCF" xlink:to="jpcrp040300-q1r_E02142-000_PurchasesOfLeasedVehiclesInvCF_label_2" xlink:arcrole="http://www.xbrl.org/2003/arcrole/concept-label" order="1" />
    <link:labelArc xlink:type="arc" xlink:from="jpcrp040300-q1r_E02142-000_PurchasesOfLeasedVehiclesInvCF" xlink:to="jpcrp040300-q1r_E02142-000_PurchasesOfLeasedVehiclesInvCF_label_1" xlink:arcrole="http://www.xbrl.org/2003/arcrole/concept-label" order="1" />
    <link:labelArc xlink:type="arc" xlink:from="jpcrp040300-q1r_E02142-000_PurchasesOfLeasedVehiclesInvCF" xlink:to="jpcrp040300-q1r_E02142-000_PurchasesOfLeasedVehiclesInvCF_label" xlink:arcrole="http://www.xbrl.org/2003/arcrole/concept-label" order="1" />
    <link:labelArc xlink:type="arc" xlink:from="jpcrp040300-q1r_E02142-000_SalesFinanceReceivableCA" xlink:to="jpcrp040300-q1r_E02142-000_SalesFinanceReceivableCA_label_2" xlink:arcrole="http://www.xbrl.org/2003/arcrole/concept-label" order="1" />
    <link:labelArc xlink:type="arc" xlink:from="jpcrp040300-q1r_E02142-000_SalesFinanceReceivableCA" xlink:to="jpcrp040300-q1r_E02142-000_SalesFinanceReceivableCA_label_1" xlink:arcrole="http://www.xbrl.org/2003/arcrole/concept-label" order="1" />
    <link:labelArc xlink:type="arc" xlink:from="jpcrp040300-q1r_E02142-000_SalesFinanceReceivableCA" xlink:to="jpcrp040300-q1r_E02142-000_SalesFinanceReceivableCA_label" xlink:arcrole="http://www.xbrl.org/2003/arcrole/concept-label" order="1" />
    <link:labelArc xlink:type="arc" xlink:from="jpcrp040300-q1r_E02142-000_SalesFinanceReportableSegmentsMember" xlink:to="jpcrp040300-q1r_E02142-000_SalesFinanceReportableSegmentsMember_label_1" xlink:arcrole="http://www.xbrl.org/2003/arcrole/concept-label" order="1" />
    <link:labelArc xlink:type="arc" xlink:from="jpcrp040300-q1r_E02142-000_SalesFinanceReportableSegmentsMember" xlink:to="jpcrp040300-q1r_E02142-000_SalesFinanceReportableSegmentsMember_label" xlink:arcrole="http://www.xbrl.org/2003/arcrole/concept-label" order="1" />
    <link:labelArc xlink:type="arc" xlink:from="jpcrp040300-q1r_E02142-000_SpecialAdditionToRetirementBenefitsEL" xlink:to="jpcrp040300-q1r_E02142-000_SpecialAdditionToRetirementBenefitsEL_label_2" xlink:arcrole="http://www.xbrl.org/2003/arcrole/concept-label" order="1" />
    <link:labelArc xlink:type="arc" xlink:from="jpcrp040300-q1r_E02142-000_SpecialAdditionToRetirementBenefitsEL" xlink:to="jpcrp040300-q1r_E02142-000_SpecialAdditionToRetirementBenefitsEL_label_1" xlink:arcrole="http://www.xbrl.org/2003/arcrole/concept-label" order="1" />
    <link:labelArc xlink:type="arc" xlink:from="jpcrp040300-q1r_E02142-000_SpecialAdditionToRetirementBenefitsEL" xlink:to="jpcrp040300-q1r_E02142-000_SpecialAdditionToRetirementBenefitsEL_label" xlink:arcrole="http://www.xbrl.org/2003/arcrole/concept-label" order="1" />
    <link:labelArc xlink:type="arc" xlink:from="jpcrp040300-q1r_E02142-000_YearToQuarterEndHeading" xlink:to="jpcrp040300-q1r_E02142-000_YearToQuarterEndHeading_label_1" xlink:arcrole="http://www.xbrl.org/2003/arcrole/concept-label" order="1" />
    <link:labelArc xlink:type="arc" xlink:from="jpcrp040300-q1r_E02142-000_YearToQuarterEndHeading" xlink:to="jpcrp040300-q1r_E02142-000_YearToQuarterEndHeading_label" xlink:arcrole="http://www.xbrl.org/2003/arcrole/concept-label" order="1" />
  </link:labelLink>
</link:linkbase>