﻿<?xml version="1.0" encoding="UTF-8"?>
<manifest xmlns="http://disclosure.edinet-fsa.go.jp/2013/manifest" xmlns:jpsps_cor="http://disclosure.edinet-fsa.go.jp/taxonomy/jpsps/2018-02-28/jpsps_cor">
	<tocComposition>
		<title xml:lang="ja">提出本文書</title>
		<title xml:lang="en">Main Document</title>
		<item ref="jpsps070000" extrole="http://disclosure.edinet-fsa.go.jp/role/jpsps/rol_CabinetOfficeOrdinanceOnDisclosureOfInformationEtcOnSpecifiedSecuritiesFormNo7AnnualSecuritiesReport" in="presentation"/>
	</tocComposition>
	<list>
		<instance id="jpsps070000" type="PublicDoc" preferredFilename="jpsps070000-asr-001_G08875-000_2019-01-25_01_2019-04-25.xbrl">
			<ixbrl>0000000_header_jpsps070000-asr-001_G08875-000_2019-01-25_01_2019-04-25_ixbrl.htm</ixbrl>
			<ixbrl>0201014_honbun_jpsps070000-asr-001_G08875-000_2019-01-25_01_2019-04-25_ixbrl.htm</ixbrl>
			<ixbrl>0201033_honbun_jpsps070000-asr-001_G08875-000_2019-01-25_01_2019-04-25_ixbrl.htm</ixbrl>
			<ixbrl>0202050_honbun_jpsps070000-asr-001_G08875-000_2019-01-25_01_2019-04-25_ixbrl.htm</ixbrl>
			<ixbrl>0203000_honbun_jpsps070000-asr-001_G08875-000_2019-01-25_01_2019-04-25_ixbrl.htm</ixbrl>
			<ixbrl>0203101_bsdata_jpsps070000-asr-001_G08875-000_2019-01-25_01_2019-04-25_ixbrl.htm</ixbrl>
			<ixbrl>0203102_pldata_jpsps070000-asr-001_G08875-000_2019-01-25_01_2019-04-25_ixbrl.htm</ixbrl>
			<ixbrl>0203103_honbun_jpsps070000-asr-001_G08875-000_2019-01-25_01_2019-04-25_ixbrl.htm</ixbrl>
			<ixbrl>0203600_honbun_jpsps070000-asr-001_G08875-000_2019-01-25_01_2019-04-25_ixbrl.htm</ixbrl>
			<ixbrl>0301630_honbun_jpsps070000-asr-001_G08875-000_2019-01-25_01_2019-04-25_ixbrl.htm</ixbrl>
			<ixbrl>0301680_honbun_jpsps070000-asr-001_G08875-000_2019-01-25_01_2019-04-25_ixbrl.htm</ixbrl>
			<ixbrl>0301710_honbun_jpsps070000-asr-001_G08875-000_2019-01-25_01_2019-04-25_ixbrl.htm</ixbrl>
			<ixbrl>0302730_honbun_jpsps070000-asr-001_G08875-000_2019-01-25_01_2019-04-25_ixbrl.htm</ixbrl>
			<ixbrl>0302740_honbun_jpsps070000-asr-001_G08875-000_2019-01-25_01_2019-04-25_ixbrl.htm</ixbrl>
		</instance>
	</list>
</manifest>